TLC2 Version 2.19 of 08 August 2024 (rev: 5a47802)
Running breadth-first search Model-Checking with fp 9 and seed -609143767010954207 with 1 worker on 10 cores with 455MB heap and 64MB offheap memory [pid: 31437] (Mac OS X 26.6.2 aarch64, Homebrew 26.0.2 x86_64, MSBDiskFPSet, DiskStateQueue).
Parsing file /Users/Shared/lua-lunet/vrr-core/formal/uvrr-lean/evidence/delayed-fence/tla/DelayedFence.tla
Parsing file /Users/Shared/lua-lunet/vrr-core/formal/uvrr-lean/evidence/delayed-fence/tla/VrrCoreEras.tla
Parsing file /private/var/folders/55/fc4y6_3n0zzcmdns1zrh26tc0000gt/T/FiniteSets.tla
Parsing file /private/var/folders/55/fc4y6_3n0zzcmdns1zrh26tc0000gt/T/Naturals.tla
Parsing file /private/var/folders/55/fc4y6_3n0zzcmdns1zrh26tc0000gt/T/Sequences.tla
Parsing file /private/var/folders/55/fc4y6_3n0zzcmdns1zrh26tc0000gt/T/TLC.tla
Semantic processing of module Naturals
Semantic processing of module Sequences
Semantic processing of module FiniteSets
Semantic processing of module TLC
Semantic processing of module VrrCoreEras
Semantic processing of module DelayedFence
Starting... (2026-09-06 09:37:13)
Computing initial states...
Finished computing initial states: 1 distinct state generated at 2026-09-06 09:37:14.
Error: Invariant CommittedLogsAgree is violated.
Error: The behavior up to this point is:
State 1: <Initial predicate>
/\ retainedView = ( n0 :> [era |-> 0, idx |-> 0] @@
  n1 :> [era |-> 0, idx |-> 0] @@
  n2 :> [era |-> 0, idx |-> 0] )
/\ overlapStreamed = FALSE
/\ everEnteredViewChange = FALSE
/\ recoveryNonces = (n0 :> {} @@ n1 :> {} @@ n2 :> {})
/\ logs = ( n0 :> <<[era |-> 0, kind |-> "genesis", value |-> "genesis-value"]>> @@
  n1 :> <<[era |-> 0, kind |-> "genesis", value |-> "genesis-value"]>> @@
  n2 :> <<[era |-> 0, kind |-> "genesis", value |-> "genesis-value"]>> )
/\ historicalCommitted = { [ slot |-> 1,
    entry |-> [era |-> 0, kind |-> "genesis", value |-> "genesis-value"] ] }
/\ recoveryEvidence = {}
/\ castOccurred = FALSE
/\ epochs = (n0 :> 0 @@ n1 :> 0 @@ n2 :> 0)
/\ pc = 0
/\ currentView = ( n0 :> [era |-> 0, idx |-> 0] @@
  n1 :> [era |-> 0, idx |-> 0] @@
  n2 :> [era |-> 0, idx |-> 0] )
/\ committed = (n0 :> 1 @@ n1 :> 1 @@ n2 :> 1)
/\ status = (n0 :> "normal" @@ n1 :> "normal" @@ n2 :> "normal")
/\ messages = {}

State 2: <TraceNext line 74, col 14 to line 78, col 75 of module DelayedFence>
/\ retainedView = ( n0 :> [era |-> 0, idx |-> 0] @@
  n1 :> [era |-> 0, idx |-> 0] @@
  n2 :> [era |-> 0, idx |-> 0] )
/\ overlapStreamed = FALSE
/\ everEnteredViewChange = TRUE
/\ recoveryNonces = (n0 :> {} @@ n1 :> {} @@ n2 :> {})
/\ logs = ( n0 :> <<[era |-> 0, kind |-> "genesis", value |-> "genesis-value"]>> @@
  n1 :> <<[era |-> 0, kind |-> "genesis", value |-> "genesis-value"]>> @@
  n2 :> <<[era |-> 0, kind |-> "genesis", value |-> "genesis-value"]>> )
/\ historicalCommitted = { [ slot |-> 1,
    entry |-> [era |-> 0, kind |-> "genesis", value |-> "genesis-value"] ] }
/\ recoveryEvidence = {}
/\ castOccurred = FALSE
/\ epochs = (n0 :> 0 @@ n1 :> 0 @@ n2 :> 0)
/\ pc = 1
/\ currentView = ( n0 :> [era |-> 0, idx |-> 0] @@
  n1 :> [era |-> 0, idx |-> 1] @@
  n2 :> [era |-> 0, idx |-> 0] )
/\ committed = (n0 :> 1 @@ n1 :> 1 @@ n2 :> 1)
/\ status = (n0 :> "normal" @@ n1 :> "view-change" @@ n2 :> "normal")
/\ messages = { [ type |-> "start-view-change",
    from |-> n1,
    to |-> n0,
    nonce |-> 0,
    slot |-> 0,
    entry |-> [era |-> 0, kind |-> "genesis", value |-> "genesis-value"],
    committed |-> 0,
    view |-> [era |-> 0, idx |-> 1],
    priorView |-> [era |-> 0, idx |-> 1],
    routeEra |-> 0,
    history |-> <<>>,
    retained |-> [era |-> 0, idx |-> 1],
    accepted |-> 0 ],
  [ type |-> "start-view-change",
    from |-> n1,
    to |-> n1,
    nonce |-> 0,
    slot |-> 0,
    entry |-> [era |-> 0, kind |-> "genesis", value |-> "genesis-value"],
    committed |-> 0,
    view |-> [era |-> 0, idx |-> 1],
    priorView |-> [era |-> 0, idx |-> 1],
    routeEra |-> 0,
    history |-> <<>>,
    retained |-> [era |-> 0, idx |-> 1],
    accepted |-> 0 ],
  [ type |-> "start-view-change",
    from |-> n1,
    to |-> n2,
    nonce |-> 0,
    slot |-> 0,
    entry |-> [era |-> 0, kind |-> "genesis", value |-> "genesis-value"],
    committed |-> 0,
    view |-> [era |-> 0, idx |-> 1],
    priorView |-> [era |-> 0, idx |-> 1],
    routeEra |-> 0,
    history |-> <<>>,
    retained |-> [era |-> 0, idx |-> 1],
    accepted |-> 0 ] }

State 3: <TraceNext line 74, col 14 to line 78, col 75 of module DelayedFence>
/\ retainedView = ( n0 :> [era |-> 0, idx |-> 0] @@
  n1 :> [era |-> 0, idx |-> 0] @@
  n2 :> [era |-> 0, idx |-> 0] )
/\ overlapStreamed = FALSE
/\ everEnteredViewChange = TRUE
/\ recoveryNonces = (n0 :> {} @@ n1 :> {} @@ n2 :> {})
/\ logs = ( n0 :> <<[era |-> 0, kind |-> "genesis", value |-> "genesis-value"]>> @@
  n1 :> <<[era |-> 0, kind |-> "genesis", value |-> "genesis-value"]>> @@
  n2 :> <<[era |-> 0, kind |-> "genesis", value |-> "genesis-value"]>> )
/\ historicalCommitted = { [ slot |-> 1,
    entry |-> [era |-> 0, kind |-> "genesis", value |-> "genesis-value"] ] }
/\ recoveryEvidence = {}
/\ castOccurred = FALSE
/\ epochs = (n0 :> 0 @@ n1 :> 1 @@ n2 :> 0)
/\ pc = 2
/\ currentView = ( n0 :> [era |-> 0, idx |-> 0] @@
  n1 :> [era |-> 0, idx |-> 0] @@
  n2 :> [era |-> 0, idx |-> 0] )
/\ committed = (n0 :> 1 @@ n1 :> 1 @@ n2 :> 1)
/\ status = (n0 :> "normal" @@ n1 :> "recovering" @@ n2 :> "normal")
/\ messages = { [ type |-> "start-view-change",
    from |-> n1,
    to |-> n0,
    nonce |-> 0,
    slot |-> 0,
    entry |-> [era |-> 0, kind |-> "genesis", value |-> "genesis-value"],
    committed |-> 0,
    view |-> [era |-> 0, idx |-> 1],
    priorView |-> [era |-> 0, idx |-> 1],
    routeEra |-> 0,
    history |-> <<>>,
    retained |-> [era |-> 0, idx |-> 1],
    accepted |-> 0 ],
  [ type |-> "start-view-change",
    from |-> n1,
    to |-> n1,
    nonce |-> 0,
    slot |-> 0,
    entry |-> [era |-> 0, kind |-> "genesis", value |-> "genesis-value"],
    committed |-> 0,
    view |-> [era |-> 0, idx |-> 1],
    priorView |-> [era |-> 0, idx |-> 1],
    routeEra |-> 0,
    history |-> <<>>,
    retained |-> [era |-> 0, idx |-> 1],
    accepted |-> 0 ],
  [ type |-> "start-view-change",
    from |-> n1,
    to |-> n2,
    nonce |-> 0,
    slot |-> 0,
    entry |-> [era |-> 0, kind |-> "genesis", value |-> "genesis-value"],
    committed |-> 0,
    view |-> [era |-> 0, idx |-> 1],
    priorView |-> [era |-> 0, idx |-> 1],
    routeEra |-> 0,
    history |-> <<>>,
    retained |-> [era |-> 0, idx |-> 1],
    accepted |-> 0 ] }

State 4: <TraceNext line 74, col 14 to line 78, col 75 of module DelayedFence>
/\ retainedView = ( n0 :> [era |-> 0, idx |-> 0] @@
  n1 :> [era |-> 0, idx |-> 0] @@
  n2 :> [era |-> 0, idx |-> 0] )
/\ overlapStreamed = FALSE
/\ everEnteredViewChange = TRUE
/\ recoveryNonces = (n0 :> {} @@ n1 :> {1} @@ n2 :> {})
/\ logs = ( n0 :> <<[era |-> 0, kind |-> "genesis", value |-> "genesis-value"]>> @@
  n1 :> <<[era |-> 0, kind |-> "genesis", value |-> "genesis-value"]>> @@
  n2 :> <<[era |-> 0, kind |-> "genesis", value |-> "genesis-value"]>> )
/\ historicalCommitted = { [ slot |-> 1,
    entry |-> [era |-> 0, kind |-> "genesis", value |-> "genesis-value"] ] }
/\ recoveryEvidence = {}
/\ castOccurred = FALSE
/\ epochs = (n0 :> 0 @@ n1 :> 1 @@ n2 :> 0)
/\ pc = 3
/\ currentView = ( n0 :> [era |-> 0, idx |-> 0] @@
  n1 :> [era |-> 0, idx |-> 0] @@
  n2 :> [era |-> 0, idx |-> 0] )
/\ committed = (n0 :> 1 @@ n1 :> 1 @@ n2 :> 1)
/\ status = (n0 :> "normal" @@ n1 :> "recovering" @@ n2 :> "normal")
/\ messages = { [ type |-> "start-view-change",
    from |-> n1,
    to |-> n0,
    nonce |-> 0,
    slot |-> 0,
    entry |-> [era |-> 0, kind |-> "genesis", value |-> "genesis-value"],
    committed |-> 0,
    view |-> [era |-> 0, idx |-> 1],
    priorView |-> [era |-> 0, idx |-> 1],
    routeEra |-> 0,
    history |-> <<>>,
    retained |-> [era |-> 0, idx |-> 1],
    accepted |-> 0 ],
  [ type |-> "start-view-change",
    from |-> n1,
    to |-> n1,
    nonce |-> 0,
    slot |-> 0,
    entry |-> [era |-> 0, kind |-> "genesis", value |-> "genesis-value"],
    committed |-> 0,
    view |-> [era |-> 0, idx |-> 1],
    priorView |-> [era |-> 0, idx |-> 1],
    routeEra |-> 0,
    history |-> <<>>,
    retained |-> [era |-> 0, idx |-> 1],
    accepted |-> 0 ],
  [ type |-> "start-view-change",
    from |-> n1,
    to |-> n2,
    nonce |-> 0,
    slot |-> 0,
    entry |-> [era |-> 0, kind |-> "genesis", value |-> "genesis-value"],
    committed |-> 0,
    view |-> [era |-> 0, idx |-> 1],
    priorView |-> [era |-> 0, idx |-> 1],
    routeEra |-> 0,
    history |-> <<>>,
    retained |-> [era |-> 0, idx |-> 1],
    accepted |-> 0 ],
  [ type |-> "recovery",
    from |-> n1,
    to |-> n0,
    nonce |-> 1,
    slot |-> 0,
    entry |-> [era |-> 0, kind |-> "genesis", value |-> "genesis-value"],
    committed |-> 0,
    view |-> [era |-> 0, idx |-> 0],
    priorView |-> [era |-> 0, idx |-> 0],
    routeEra |-> 0,
    history |-> <<>>,
    retained |-> [era |-> 0, idx |-> 0],
    accepted |-> 0 ],
  [ type |-> "recovery",
    from |-> n1,
    to |-> n2,
    nonce |-> 1,
    slot |-> 0,
    entry |-> [era |-> 0, kind |-> "genesis", value |-> "genesis-value"],
    committed |-> 0,
    view |-> [era |-> 0, idx |-> 0],
    priorView |-> [era |-> 0, idx |-> 0],
    routeEra |-> 0,
    history |-> <<>>,
    retained |-> [era |-> 0, idx |-> 0],
    accepted |-> 0 ] }

State 5: <TraceNext line 74, col 14 to line 78, col 75 of module DelayedFence>
/\ retainedView = ( n0 :> [era |-> 0, idx |-> 0] @@
  n1 :> [era |-> 0, idx |-> 0] @@
  n2 :> [era |-> 0, idx |-> 0] )
/\ overlapStreamed = FALSE
/\ everEnteredViewChange = TRUE
/\ recoveryNonces = (n0 :> {} @@ n1 :> {1} @@ n2 :> {})
/\ logs = ( n0 :> <<[era |-> 0, kind |-> "genesis", value |-> "genesis-value"]>> @@
  n1 :> <<[era |-> 0, kind |-> "genesis", value |-> "genesis-value"]>> @@
  n2 :> <<[era |-> 0, kind |-> "genesis", value |-> "genesis-value"]>> )
/\ historicalCommitted = { [ slot |-> 1,
    entry |-> [era |-> 0, kind |-> "genesis", value |-> "genesis-value"] ] }
/\ recoveryEvidence = {}
/\ castOccurred = FALSE
/\ epochs = (n0 :> 0 @@ n1 :> 1 @@ n2 :> 0)
/\ pc = 4
/\ currentView = ( n0 :> [era |-> 0, idx |-> 0] @@
  n1 :> [era |-> 0, idx |-> 0] @@
  n2 :> [era |-> 0, idx |-> 0] )
/\ committed = (n0 :> 1 @@ n1 :> 1 @@ n2 :> 1)
/\ status = (n0 :> "normal" @@ n1 :> "recovering" @@ n2 :> "normal")
/\ messages = { [ type |-> "start-view-change",
    from |-> n1,
    to |-> n0,
    nonce |-> 0,
    slot |-> 0,
    entry |-> [era |-> 0, kind |-> "genesis", value |-> "genesis-value"],
    committed |-> 0,
    view |-> [era |-> 0, idx |-> 1],
    priorView |-> [era |-> 0, idx |-> 1],
    routeEra |-> 0,
    history |-> <<>>,
    retained |-> [era |-> 0, idx |-> 1],
    accepted |-> 0 ],
  [ type |-> "start-view-change",
    from |-> n1,
    to |-> n1,
    nonce |-> 0,
    slot |-> 0,
    entry |-> [era |-> 0, kind |-> "genesis", value |-> "genesis-value"],
    committed |-> 0,
    view |-> [era |-> 0, idx |-> 1],
    priorView |-> [era |-> 0, idx |-> 1],
    routeEra |-> 0,
    history |-> <<>>,
    retained |-> [era |-> 0, idx |-> 1],
    accepted |-> 0 ],
  [ type |-> "start-view-change",
    from |-> n1,
    to |-> n2,
    nonce |-> 0,
    slot |-> 0,
    entry |-> [era |-> 0, kind |-> "genesis", value |-> "genesis-value"],
    committed |-> 0,
    view |-> [era |-> 0, idx |-> 1],
    priorView |-> [era |-> 0, idx |-> 1],
    routeEra |-> 0,
    history |-> <<>>,
    retained |-> [era |-> 0, idx |-> 1],
    accepted |-> 0 ],
  [ type |-> "recovery",
    from |-> n1,
    to |-> n0,
    nonce |-> 1,
    slot |-> 0,
    entry |-> [era |-> 0, kind |-> "genesis", value |-> "genesis-value"],
    committed |-> 0,
    view |-> [era |-> 0, idx |-> 0],
    priorView |-> [era |-> 0, idx |-> 0],
    routeEra |-> 0,
    history |-> <<>>,
    retained |-> [era |-> 0, idx |-> 0],
    accepted |-> 0 ],
  [ type |-> "recovery",
    from |-> n1,
    to |-> n2,
    nonce |-> 1,
    slot |-> 0,
    entry |-> [era |-> 0, kind |-> "genesis", value |-> "genesis-value"],
    committed |-> 0,
    view |-> [era |-> 0, idx |-> 0],
    priorView |-> [era |-> 0, idx |-> 0],
    routeEra |-> 0,
    history |-> <<>>,
    retained |-> [era |-> 0, idx |-> 0],
    accepted |-> 0 ],
  [ type |-> "recovery-response",
    from |-> n0,
    to |-> n1,
    nonce |-> 1,
    slot |-> 0,
    entry |-> [era |-> 0, kind |-> "genesis", value |-> "genesis-value"],
    committed |-> 1,
    view |-> [era |-> 0, idx |-> 0],
    priorView |-> [era |-> 0, idx |-> 0],
    routeEra |-> 0,
    history |-> <<[era |-> 0, kind |-> "genesis", value |-> "genesis-value"]>>,
    retained |-> [era |-> 0, idx |-> 0],
    accepted |-> 1 ] }

State 6: <TraceNext line 74, col 14 to line 78, col 75 of module DelayedFence>
/\ retainedView = ( n0 :> [era |-> 0, idx |-> 0] @@
  n1 :> [era |-> 0, idx |-> 0] @@
  n2 :> [era |-> 0, idx |-> 0] )
/\ overlapStreamed = FALSE
/\ everEnteredViewChange = TRUE
/\ recoveryNonces = (n0 :> {} @@ n1 :> {1} @@ n2 :> {})
/\ logs = ( n0 :> <<[era |-> 0, kind |-> "genesis", value |-> "genesis-value"]>> @@
  n1 :> <<[era |-> 0, kind |-> "genesis", value |-> "genesis-value"]>> @@
  n2 :> <<[era |-> 0, kind |-> "genesis", value |-> "genesis-value"]>> )
/\ historicalCommitted = { [ slot |-> 1,
    entry |-> [era |-> 0, kind |-> "genesis", value |-> "genesis-value"] ] }
/\ recoveryEvidence = {}
/\ castOccurred = FALSE
/\ epochs = (n0 :> 0 @@ n1 :> 1 @@ n2 :> 0)
/\ pc = 5
/\ currentView = ( n0 :> [era |-> 0, idx |-> 0] @@
  n1 :> [era |-> 0, idx |-> 0] @@
  n2 :> [era |-> 0, idx |-> 0] )
/\ committed = (n0 :> 1 @@ n1 :> 1 @@ n2 :> 1)
/\ status = (n0 :> "normal" @@ n1 :> "recovering" @@ n2 :> "normal")
/\ messages = { [ type |-> "start-view-change",
    from |-> n1,
    to |-> n0,
    nonce |-> 0,
    slot |-> 0,
    entry |-> [era |-> 0, kind |-> "genesis", value |-> "genesis-value"],
    committed |-> 0,
    view |-> [era |-> 0, idx |-> 1],
    priorView |-> [era |-> 0, idx |-> 1],
    routeEra |-> 0,
    history |-> <<>>,
    retained |-> [era |-> 0, idx |-> 1],
    accepted |-> 0 ],
  [ type |-> "start-view-change",
    from |-> n1,
    to |-> n1,
    nonce |-> 0,
    slot |-> 0,
    entry |-> [era |-> 0, kind |-> "genesis", value |-> "genesis-value"],
    committed |-> 0,
    view |-> [era |-> 0, idx |-> 1],
    priorView |-> [era |-> 0, idx |-> 1],
    routeEra |-> 0,
    history |-> <<>>,
    retained |-> [era |-> 0, idx |-> 1],
    accepted |-> 0 ],
  [ type |-> "start-view-change",
    from |-> n1,
    to |-> n2,
    nonce |-> 0,
    slot |-> 0,
    entry |-> [era |-> 0, kind |-> "genesis", value |-> "genesis-value"],
    committed |-> 0,
    view |-> [era |-> 0, idx |-> 1],
    priorView |-> [era |-> 0, idx |-> 1],
    routeEra |-> 0,
    history |-> <<>>,
    retained |-> [era |-> 0, idx |-> 1],
    accepted |-> 0 ],
  [ type |-> "recovery",
    from |-> n1,
    to |-> n0,
    nonce |-> 1,
    slot |-> 0,
    entry |-> [era |-> 0, kind |-> "genesis", value |-> "genesis-value"],
    committed |-> 0,
    view |-> [era |-> 0, idx |-> 0],
    priorView |-> [era |-> 0, idx |-> 0],
    routeEra |-> 0,
    history |-> <<>>,
    retained |-> [era |-> 0, idx |-> 0],
    accepted |-> 0 ],
  [ type |-> "recovery",
    from |-> n1,
    to |-> n2,
    nonce |-> 1,
    slot |-> 0,
    entry |-> [era |-> 0, kind |-> "genesis", value |-> "genesis-value"],
    committed |-> 0,
    view |-> [era |-> 0, idx |-> 0],
    priorView |-> [era |-> 0, idx |-> 0],
    routeEra |-> 0,
    history |-> <<>>,
    retained |-> [era |-> 0, idx |-> 0],
    accepted |-> 0 ],
  [ type |-> "recovery-response",
    from |-> n0,
    to |-> n1,
    nonce |-> 1,
    slot |-> 0,
    entry |-> [era |-> 0, kind |-> "genesis", value |-> "genesis-value"],
    committed |-> 1,
    view |-> [era |-> 0, idx |-> 0],
    priorView |-> [era |-> 0, idx |-> 0],
    routeEra |-> 0,
    history |-> <<[era |-> 0, kind |-> "genesis", value |-> "genesis-value"]>>,
    retained |-> [era |-> 0, idx |-> 0],
    accepted |-> 1 ],
  [ type |-> "recovery-response",
    from |-> n2,
    to |-> n1,
    nonce |-> 1,
    slot |-> 0,
    entry |-> [era |-> 0, kind |-> "genesis", value |-> "genesis-value"],
    committed |-> 1,
    view |-> [era |-> 0, idx |-> 0],
    priorView |-> [era |-> 0, idx |-> 0],
    routeEra |-> 0,
    history |-> <<>>,
    retained |-> [era |-> 0, idx |-> 0],
    accepted |-> 1 ] }

State 7: <TraceNext line 74, col 14 to line 78, col 75 of module DelayedFence>
/\ retainedView = ( n0 :> [era |-> 0, idx |-> 0] @@
  n1 :> [era |-> 0, idx |-> 0] @@
  n2 :> [era |-> 0, idx |-> 0] )
/\ overlapStreamed = FALSE
/\ everEnteredViewChange = TRUE
/\ recoveryNonces = (n0 :> {} @@ n1 :> {1} @@ n2 :> {})
/\ logs = ( n0 :> <<[era |-> 0, kind |-> "genesis", value |-> "genesis-value"]>> @@
  n1 :> <<[era |-> 0, kind |-> "genesis", value |-> "genesis-value"]>> @@
  n2 :> <<[era |-> 0, kind |-> "genesis", value |-> "genesis-value"]>> )
/\ historicalCommitted = { [ slot |-> 1,
    entry |-> [era |-> 0, kind |-> "genesis", value |-> "genesis-value"] ] }
/\ recoveryEvidence = {}
/\ castOccurred = FALSE
/\ epochs = (n0 :> 0 @@ n1 :> 1 @@ n2 :> 0)
/\ pc = 6
/\ currentView = ( n0 :> [era |-> 0, idx |-> 0] @@
  n1 :> [era |-> 0, idx |-> 0] @@
  n2 :> [era |-> 0, idx |-> 1] )
/\ committed = (n0 :> 1 @@ n1 :> 1 @@ n2 :> 1)
/\ status = (n0 :> "normal" @@ n1 :> "recovering" @@ n2 :> "view-change")
/\ messages = { [ type |-> "start-view-change",
    from |-> n1,
    to |-> n0,
    nonce |-> 0,
    slot |-> 0,
    entry |-> [era |-> 0, kind |-> "genesis", value |-> "genesis-value"],
    committed |-> 0,
    view |-> [era |-> 0, idx |-> 1],
    priorView |-> [era |-> 0, idx |-> 1],
    routeEra |-> 0,
    history |-> <<>>,
    retained |-> [era |-> 0, idx |-> 1],
    accepted |-> 0 ],
  [ type |-> "start-view-change",
    from |-> n1,
    to |-> n1,
    nonce |-> 0,
    slot |-> 0,
    entry |-> [era |-> 0, kind |-> "genesis", value |-> "genesis-value"],
    committed |-> 0,
    view |-> [era |-> 0, idx |-> 1],
    priorView |-> [era |-> 0, idx |-> 1],
    routeEra |-> 0,
    history |-> <<>>,
    retained |-> [era |-> 0, idx |-> 1],
    accepted |-> 0 ],
  [ type |-> "start-view-change",
    from |-> n1,
    to |-> n2,
    nonce |-> 0,
    slot |-> 0,
    entry |-> [era |-> 0, kind |-> "genesis", value |-> "genesis-value"],
    committed |-> 0,
    view |-> [era |-> 0, idx |-> 1],
    priorView |-> [era |-> 0, idx |-> 1],
    routeEra |-> 0,
    history |-> <<>>,
    retained |-> [era |-> 0, idx |-> 1],
    accepted |-> 0 ],
  [ type |-> "start-view-change",
    from |-> n2,
    to |-> n0,
    nonce |-> 0,
    slot |-> 0,
    entry |-> [era |-> 0, kind |-> "genesis", value |-> "genesis-value"],
    committed |-> 0,
    view |-> [era |-> 0, idx |-> 1],
    priorView |-> [era |-> 0, idx |-> 1],
    routeEra |-> 0,
    history |-> <<>>,
    retained |-> [era |-> 0, idx |-> 1],
    accepted |-> 0 ],
  [ type |-> "start-view-change",
    from |-> n2,
    to |-> n1,
    nonce |-> 0,
    slot |-> 0,
    entry |-> [era |-> 0, kind |-> "genesis", value |-> "genesis-value"],
    committed |-> 0,
    view |-> [era |-> 0, idx |-> 1],
    priorView |-> [era |-> 0, idx |-> 1],
    routeEra |-> 0,
    history |-> <<>>,
    retained |-> [era |-> 0, idx |-> 1],
    accepted |-> 0 ],
  [ type |-> "start-view-change",
    from |-> n2,
    to |-> n2,
    nonce |-> 0,
    slot |-> 0,
    entry |-> [era |-> 0, kind |-> "genesis", value |-> "genesis-value"],
    committed |-> 0,
    view |-> [era |-> 0, idx |-> 1],
    priorView |-> [era |-> 0, idx |-> 1],
    routeEra |-> 0,
    history |-> <<>>,
    retained |-> [era |-> 0, idx |-> 1],
    accepted |-> 0 ],
  [ type |-> "recovery",
    from |-> n1,
    to |-> n0,
    nonce |-> 1,
    slot |-> 0,
    entry |-> [era |-> 0, kind |-> "genesis", value |-> "genesis-value"],
    committed |-> 0,
    view |-> [era |-> 0, idx |-> 0],
    priorView |-> [era |-> 0, idx |-> 0],
    routeEra |-> 0,
    history |-> <<>>,
    retained |-> [era |-> 0, idx |-> 0],
    accepted |-> 0 ],
  [ type |-> "recovery",
    from |-> n1,
    to |-> n2,
    nonce |-> 1,
    slot |-> 0,
    entry |-> [era |-> 0, kind |-> "genesis", value |-> "genesis-value"],
    committed |-> 0,
    view |-> [era |-> 0, idx |-> 0],
    priorView |-> [era |-> 0, idx |-> 0],
    routeEra |-> 0,
    history |-> <<>>,
    retained |-> [era |-> 0, idx |-> 0],
    accepted |-> 0 ],
  [ type |-> "recovery-response",
    from |-> n0,
    to |-> n1,
    nonce |-> 1,
    slot |-> 0,
    entry |-> [era |-> 0, kind |-> "genesis", value |-> "genesis-value"],
    committed |-> 1,
    view |-> [era |-> 0, idx |-> 0],
    priorView |-> [era |-> 0, idx |-> 0],
    routeEra |-> 0,
    history |-> <<[era |-> 0, kind |-> "genesis", value |-> "genesis-value"]>>,
    retained |-> [era |-> 0, idx |-> 0],
    accepted |-> 1 ],
  [ type |-> "recovery-response",
    from |-> n2,
    to |-> n1,
    nonce |-> 1,
    slot |-> 0,
    entry |-> [era |-> 0, kind |-> "genesis", value |-> "genesis-value"],
    committed |-> 1,
    view |-> [era |-> 0, idx |-> 0],
    priorView |-> [era |-> 0, idx |-> 0],
    routeEra |-> 0,
    history |-> <<>>,
    retained |-> [era |-> 0, idx |-> 0],
    accepted |-> 1 ] }

State 8: <TraceNext line 74, col 14 to line 78, col 75 of module DelayedFence>
/\ retainedView = ( n0 :> [era |-> 0, idx |-> 0] @@
  n1 :> [era |-> 0, idx |-> 0] @@
  n2 :> [era |-> 0, idx |-> 0] )
/\ overlapStreamed = FALSE
/\ everEnteredViewChange = TRUE
/\ recoveryNonces = (n0 :> {} @@ n1 :> {1} @@ n2 :> {})
/\ logs = ( n0 :> <<[era |-> 0, kind |-> "genesis", value |-> "genesis-value"]>> @@
  n1 :> <<[era |-> 0, kind |-> "genesis", value |-> "genesis-value"]>> @@
  n2 :> <<[era |-> 0, kind |-> "genesis", value |-> "genesis-value"]>> )
/\ historicalCommitted = { [ slot |-> 1,
    entry |-> [era |-> 0, kind |-> "genesis", value |-> "genesis-value"] ] }
/\ recoveryEvidence = {}
/\ castOccurred = FALSE
/\ epochs = (n0 :> 0 @@ n1 :> 1 @@ n2 :> 0)
/\ pc = 7
/\ currentView = ( n0 :> [era |-> 0, idx |-> 0] @@
  n1 :> [era |-> 0, idx |-> 0] @@
  n2 :> [era |-> 0, idx |-> 1] )
/\ committed = (n0 :> 1 @@ n1 :> 1 @@ n2 :> 1)
/\ status = (n0 :> "normal" @@ n1 :> "recovering" @@ n2 :> "view-change")
/\ messages = { [ type |-> "start-view-change",
    from |-> n1,
    to |-> n0,
    nonce |-> 0,
    slot |-> 0,
    entry |-> [era |-> 0, kind |-> "genesis", value |-> "genesis-value"],
    committed |-> 0,
    view |-> [era |-> 0, idx |-> 1],
    priorView |-> [era |-> 0, idx |-> 1],
    routeEra |-> 0,
    history |-> <<>>,
    retained |-> [era |-> 0, idx |-> 1],
    accepted |-> 0 ],
  [ type |-> "start-view-change",
    from |-> n1,
    to |-> n1,
    nonce |-> 0,
    slot |-> 0,
    entry |-> [era |-> 0, kind |-> "genesis", value |-> "genesis-value"],
    committed |-> 0,
    view |-> [era |-> 0, idx |-> 1],
    priorView |-> [era |-> 0, idx |-> 1],
    routeEra |-> 0,
    history |-> <<>>,
    retained |-> [era |-> 0, idx |-> 1],
    accepted |-> 0 ],
  [ type |-> "start-view-change",
    from |-> n1,
    to |-> n2,
    nonce |-> 0,
    slot |-> 0,
    entry |-> [era |-> 0, kind |-> "genesis", value |-> "genesis-value"],
    committed |-> 0,
    view |-> [era |-> 0, idx |-> 1],
    priorView |-> [era |-> 0, idx |-> 1],
    routeEra |-> 0,
    history |-> <<>>,
    retained |-> [era |-> 0, idx |-> 1],
    accepted |-> 0 ],
  [ type |-> "start-view-change",
    from |-> n2,
    to |-> n0,
    nonce |-> 0,
    slot |-> 0,
    entry |-> [era |-> 0, kind |-> "genesis", value |-> "genesis-value"],
    committed |-> 0,
    view |-> [era |-> 0, idx |-> 1],
    priorView |-> [era |-> 0, idx |-> 1],
    routeEra |-> 0,
    history |-> <<>>,
    retained |-> [era |-> 0, idx |-> 1],
    accepted |-> 0 ],
  [ type |-> "start-view-change",
    from |-> n2,
    to |-> n1,
    nonce |-> 0,
    slot |-> 0,
    entry |-> [era |-> 0, kind |-> "genesis", value |-> "genesis-value"],
    committed |-> 0,
    view |-> [era |-> 0, idx |-> 1],
    priorView |-> [era |-> 0, idx |-> 1],
    routeEra |-> 0,
    history |-> <<>>,
    retained |-> [era |-> 0, idx |-> 1],
    accepted |-> 0 ],
  [ type |-> "start-view-change",
    from |-> n2,
    to |-> n2,
    nonce |-> 0,
    slot |-> 0,
    entry |-> [era |-> 0, kind |-> "genesis", value |-> "genesis-value"],
    committed |-> 0,
    view |-> [era |-> 0, idx |-> 1],
    priorView |-> [era |-> 0, idx |-> 1],
    routeEra |-> 0,
    history |-> <<>>,
    retained |-> [era |-> 0, idx |-> 1],
    accepted |-> 0 ],
  [ type |-> "do-view-change",
    from |-> n2,
    to |-> n1,
    nonce |-> 0,
    slot |-> 1,
    entry |-> [era |-> 0, kind |-> "genesis", value |-> "genesis-value"],
    committed |-> 1,
    view |-> [era |-> 0, idx |-> 1],
    priorView |-> [era |-> 0, idx |-> 1],
    routeEra |-> 0,
    history |-> <<[era |-> 0, kind |-> "genesis", value |-> "genesis-value"]>>,
    retained |-> [era |-> 0, idx |-> 0],
    accepted |-> 1 ],
  [ type |-> "recovery",
    from |-> n1,
    to |-> n0,
    nonce |-> 1,
    slot |-> 0,
    entry |-> [era |-> 0, kind |-> "genesis", value |-> "genesis-value"],
    committed |-> 0,
    view |-> [era |-> 0, idx |-> 0],
    priorView |-> [era |-> 0, idx |-> 0],
    routeEra |-> 0,
    history |-> <<>>,
    retained |-> [era |-> 0, idx |-> 0],
    accepted |-> 0 ],
  [ type |-> "recovery",
    from |-> n1,
    to |-> n2,
    nonce |-> 1,
    slot |-> 0,
    entry |-> [era |-> 0, kind |-> "genesis", value |-> "genesis-value"],
    committed |-> 0,
    view |-> [era |-> 0, idx |-> 0],
    priorView |-> [era |-> 0, idx |-> 0],
    routeEra |-> 0,
    history |-> <<>>,
    retained |-> [era |-> 0, idx |-> 0],
    accepted |-> 0 ],
  [ type |-> "recovery-response",
    from |-> n0,
    to |-> n1,
    nonce |-> 1,
    slot |-> 0,
    entry |-> [era |-> 0, kind |-> "genesis", value |-> "genesis-value"],
    committed |-> 1,
    view |-> [era |-> 0, idx |-> 0],
    priorView |-> [era |-> 0, idx |-> 0],
    routeEra |-> 0,
    history |-> <<[era |-> 0, kind |-> "genesis", value |-> "genesis-value"]>>,
    retained |-> [era |-> 0, idx |-> 0],
    accepted |-> 1 ],
  [ type |-> "recovery-response",
    from |-> n2,
    to |-> n1,
    nonce |-> 1,
    slot |-> 0,
    entry |-> [era |-> 0, kind |-> "genesis", value |-> "genesis-value"],
    committed |-> 1,
    view |-> [era |-> 0, idx |-> 0],
    priorView |-> [era |-> 0, idx |-> 0],
    routeEra |-> 0,
    history |-> <<>>,
    retained |-> [era |-> 0, idx |-> 0],
    accepted |-> 1 ] }

State 9: <TraceNext line 74, col 14 to line 78, col 75 of module DelayedFence>
/\ retainedView = ( n0 :> [era |-> 0, idx |-> 0] @@
  n1 :> [era |-> 0, idx |-> 0] @@
  n2 :> [era |-> 0, idx |-> 0] )
/\ overlapStreamed = FALSE
/\ everEnteredViewChange = TRUE
/\ recoveryNonces = (n0 :> {} @@ n1 :> {1} @@ n2 :> {})
/\ logs = ( n0 :> <<[era |-> 0, kind |-> "genesis", value |-> "genesis-value"]>> @@
  n1 :> <<[era |-> 0, kind |-> "genesis", value |-> "genesis-value"]>> @@
  n2 :> <<[era |-> 0, kind |-> "genesis", value |-> "genesis-value"]>> )
/\ historicalCommitted = { [ slot |-> 1,
    entry |-> [era |-> 0, kind |-> "genesis", value |-> "genesis-value"] ] }
/\ recoveryEvidence = { [ type |-> "recovery-response",
    from |-> n0,
    to |-> n1,
    nonce |-> 1,
    slot |-> 0,
    entry |-> [era |-> 0, kind |-> "genesis", value |-> "genesis-value"],
    committed |-> 1,
    view |-> [era |-> 0, idx |-> 0],
    priorView |-> [era |-> 0, idx |-> 0],
    routeEra |-> 0,
    history |-> <<[era |-> 0, kind |-> "genesis", value |-> "genesis-value"]>>,
    retained |-> [era |-> 0, idx |-> 0],
    accepted |-> 1 ] }
/\ castOccurred = FALSE
/\ epochs = (n0 :> 0 @@ n1 :> 1 @@ n2 :> 0)
/\ pc = 8
/\ currentView = ( n0 :> [era |-> 0, idx |-> 0] @@
  n1 :> [era |-> 0, idx |-> 0] @@
  n2 :> [era |-> 0, idx |-> 1] )
/\ committed = (n0 :> 1 @@ n1 :> 1 @@ n2 :> 1)
/\ status = (n0 :> "normal" @@ n1 :> "recovering" @@ n2 :> "view-change")
/\ messages = { [ type |-> "start-view-change",
    from |-> n1,
    to |-> n0,
    nonce |-> 0,
    slot |-> 0,
    entry |-> [era |-> 0, kind |-> "genesis", value |-> "genesis-value"],
    committed |-> 0,
    view |-> [era |-> 0, idx |-> 1],
    priorView |-> [era |-> 0, idx |-> 1],
    routeEra |-> 0,
    history |-> <<>>,
    retained |-> [era |-> 0, idx |-> 1],
    accepted |-> 0 ],
  [ type |-> "start-view-change",
    from |-> n1,
    to |-> n1,
    nonce |-> 0,
    slot |-> 0,
    entry |-> [era |-> 0, kind |-> "genesis", value |-> "genesis-value"],
    committed |-> 0,
    view |-> [era |-> 0, idx |-> 1],
    priorView |-> [era |-> 0, idx |-> 1],
    routeEra |-> 0,
    history |-> <<>>,
    retained |-> [era |-> 0, idx |-> 1],
    accepted |-> 0 ],
  [ type |-> "start-view-change",
    from |-> n1,
    to |-> n2,
    nonce |-> 0,
    slot |-> 0,
    entry |-> [era |-> 0, kind |-> "genesis", value |-> "genesis-value"],
    committed |-> 0,
    view |-> [era |-> 0, idx |-> 1],
    priorView |-> [era |-> 0, idx |-> 1],
    routeEra |-> 0,
    history |-> <<>>,
    retained |-> [era |-> 0, idx |-> 1],
    accepted |-> 0 ],
  [ type |-> "start-view-change",
    from |-> n2,
    to |-> n0,
    nonce |-> 0,
    slot |-> 0,
    entry |-> [era |-> 0, kind |-> "genesis", value |-> "genesis-value"],
    committed |-> 0,
    view |-> [era |-> 0, idx |-> 1],
    priorView |-> [era |-> 0, idx |-> 1],
    routeEra |-> 0,
    history |-> <<>>,
    retained |-> [era |-> 0, idx |-> 1],
    accepted |-> 0 ],
  [ type |-> "start-view-change",
    from |-> n2,
    to |-> n1,
    nonce |-> 0,
    slot |-> 0,
    entry |-> [era |-> 0, kind |-> "genesis", value |-> "genesis-value"],
    committed |-> 0,
    view |-> [era |-> 0, idx |-> 1],
    priorView |-> [era |-> 0, idx |-> 1],
    routeEra |-> 0,
    history |-> <<>>,
    retained |-> [era |-> 0, idx |-> 1],
    accepted |-> 0 ],
  [ type |-> "start-view-change",
    from |-> n2,
    to |-> n2,
    nonce |-> 0,
    slot |-> 0,
    entry |-> [era |-> 0, kind |-> "genesis", value |-> "genesis-value"],
    committed |-> 0,
    view |-> [era |-> 0, idx |-> 1],
    priorView |-> [era |-> 0, idx |-> 1],
    routeEra |-> 0,
    history |-> <<>>,
    retained |-> [era |-> 0, idx |-> 1],
    accepted |-> 0 ],
  [ type |-> "do-view-change",
    from |-> n2,
    to |-> n1,
    nonce |-> 0,
    slot |-> 1,
    entry |-> [era |-> 0, kind |-> "genesis", value |-> "genesis-value"],
    committed |-> 1,
    view |-> [era |-> 0, idx |-> 1],
    priorView |-> [era |-> 0, idx |-> 1],
    routeEra |-> 0,
    history |-> <<[era |-> 0, kind |-> "genesis", value |-> "genesis-value"]>>,
    retained |-> [era |-> 0, idx |-> 0],
    accepted |-> 1 ],
  [ type |-> "recovery",
    from |-> n1,
    to |-> n0,
    nonce |-> 1,
    slot |-> 0,
    entry |-> [era |-> 0, kind |-> "genesis", value |-> "genesis-value"],
    committed |-> 0,
    view |-> [era |-> 0, idx |-> 0],
    priorView |-> [era |-> 0, idx |-> 0],
    routeEra |-> 0,
    history |-> <<>>,
    retained |-> [era |-> 0, idx |-> 0],
    accepted |-> 0 ],
  [ type |-> "recovery",
    from |-> n1,
    to |-> n2,
    nonce |-> 1,
    slot |-> 0,
    entry |-> [era |-> 0, kind |-> "genesis", value |-> "genesis-value"],
    committed |-> 0,
    view |-> [era |-> 0, idx |-> 0],
    priorView |-> [era |-> 0, idx |-> 0],
    routeEra |-> 0,
    history |-> <<>>,
    retained |-> [era |-> 0, idx |-> 0],
    accepted |-> 0 ],
  [ type |-> "recovery-response",
    from |-> n0,
    to |-> n1,
    nonce |-> 1,
    slot |-> 0,
    entry |-> [era |-> 0, kind |-> "genesis", value |-> "genesis-value"],
    committed |-> 1,
    view |-> [era |-> 0, idx |-> 0],
    priorView |-> [era |-> 0, idx |-> 0],
    routeEra |-> 0,
    history |-> <<[era |-> 0, kind |-> "genesis", value |-> "genesis-value"]>>,
    retained |-> [era |-> 0, idx |-> 0],
    accepted |-> 1 ],
  [ type |-> "recovery-response",
    from |-> n2,
    to |-> n1,
    nonce |-> 1,
    slot |-> 0,
    entry |-> [era |-> 0, kind |-> "genesis", value |-> "genesis-value"],
    committed |-> 1,
    view |-> [era |-> 0, idx |-> 0],
    priorView |-> [era |-> 0, idx |-> 0],
    routeEra |-> 0,
    history |-> <<>>,
    retained |-> [era |-> 0, idx |-> 0],
    accepted |-> 1 ] }

State 10: <TraceNext line 74, col 14 to line 78, col 75 of module DelayedFence>
/\ retainedView = ( n0 :> [era |-> 0, idx |-> 0] @@
  n1 :> [era |-> 0, idx |-> 0] @@
  n2 :> [era |-> 0, idx |-> 0] )
/\ overlapStreamed = FALSE
/\ everEnteredViewChange = TRUE
/\ recoveryNonces = (n0 :> {} @@ n1 :> {1} @@ n2 :> {})
/\ logs = ( n0 :> <<[era |-> 0, kind |-> "genesis", value |-> "genesis-value"]>> @@
  n1 :> <<[era |-> 0, kind |-> "genesis", value |-> "genesis-value"]>> @@
  n2 :> <<[era |-> 0, kind |-> "genesis", value |-> "genesis-value"]>> )
/\ historicalCommitted = { [ slot |-> 1,
    entry |-> [era |-> 0, kind |-> "genesis", value |-> "genesis-value"] ] }
/\ recoveryEvidence = { [ type |-> "recovery-response",
    from |-> n0,
    to |-> n1,
    nonce |-> 1,
    slot |-> 0,
    entry |-> [era |-> 0, kind |-> "genesis", value |-> "genesis-value"],
    committed |-> 1,
    view |-> [era |-> 0, idx |-> 0],
    priorView |-> [era |-> 0, idx |-> 0],
    routeEra |-> 0,
    history |-> <<[era |-> 0, kind |-> "genesis", value |-> "genesis-value"]>>,
    retained |-> [era |-> 0, idx |-> 0],
    accepted |-> 1 ],
  [ type |-> "recovery-response",
    from |-> n2,
    to |-> n1,
    nonce |-> 1,
    slot |-> 0,
    entry |-> [era |-> 0, kind |-> "genesis", value |-> "genesis-value"],
    committed |-> 1,
    view |-> [era |-> 0, idx |-> 0],
    priorView |-> [era |-> 0, idx |-> 0],
    routeEra |-> 0,
    history |-> <<>>,
    retained |-> [era |-> 0, idx |-> 0],
    accepted |-> 1 ] }
/\ castOccurred = FALSE
/\ epochs = (n0 :> 0 @@ n1 :> 1 @@ n2 :> 0)
/\ pc = 9
/\ currentView = ( n0 :> [era |-> 0, idx |-> 0] @@
  n1 :> [era |-> 0, idx |-> 0] @@
  n2 :> [era |-> 0, idx |-> 1] )
/\ committed = (n0 :> 1 @@ n1 :> 1 @@ n2 :> 1)
/\ status = (n0 :> "normal" @@ n1 :> "recovering" @@ n2 :> "view-change")
/\ messages = { [ type |-> "start-view-change",
    from |-> n1,
    to |-> n0,
    nonce |-> 0,
    slot |-> 0,
    entry |-> [era |-> 0, kind |-> "genesis", value |-> "genesis-value"],
    committed |-> 0,
    view |-> [era |-> 0, idx |-> 1],
    priorView |-> [era |-> 0, idx |-> 1],
    routeEra |-> 0,
    history |-> <<>>,
    retained |-> [era |-> 0, idx |-> 1],
    accepted |-> 0 ],
  [ type |-> "start-view-change",
    from |-> n1,
    to |-> n1,
    nonce |-> 0,
    slot |-> 0,
    entry |-> [era |-> 0, kind |-> "genesis", value |-> "genesis-value"],
    committed |-> 0,
    view |-> [era |-> 0, idx |-> 1],
    priorView |-> [era |-> 0, idx |-> 1],
    routeEra |-> 0,
    history |-> <<>>,
    retained |-> [era |-> 0, idx |-> 1],
    accepted |-> 0 ],
  [ type |-> "start-view-change",
    from |-> n1,
    to |-> n2,
    nonce |-> 0,
    slot |-> 0,
    entry |-> [era |-> 0, kind |-> "genesis", value |-> "genesis-value"],
    committed |-> 0,
    view |-> [era |-> 0, idx |-> 1],
    priorView |-> [era |-> 0, idx |-> 1],
    routeEra |-> 0,
    history |-> <<>>,
    retained |-> [era |-> 0, idx |-> 1],
    accepted |-> 0 ],
  [ type |-> "start-view-change",
    from |-> n2,
    to |-> n0,
    nonce |-> 0,
    slot |-> 0,
    entry |-> [era |-> 0, kind |-> "genesis", value |-> "genesis-value"],
    committed |-> 0,
    view |-> [era |-> 0, idx |-> 1],
    priorView |-> [era |-> 0, idx |-> 1],
    routeEra |-> 0,
    history |-> <<>>,
    retained |-> [era |-> 0, idx |-> 1],
    accepted |-> 0 ],
  [ type |-> "start-view-change",
    from |-> n2,
    to |-> n1,
    nonce |-> 0,
    slot |-> 0,
    entry |-> [era |-> 0, kind |-> "genesis", value |-> "genesis-value"],
    committed |-> 0,
    view |-> [era |-> 0, idx |-> 1],
    priorView |-> [era |-> 0, idx |-> 1],
    routeEra |-> 0,
    history |-> <<>>,
    retained |-> [era |-> 0, idx |-> 1],
    accepted |-> 0 ],
  [ type |-> "start-view-change",
    from |-> n2,
    to |-> n2,
    nonce |-> 0,
    slot |-> 0,
    entry |-> [era |-> 0, kind |-> "genesis", value |-> "genesis-value"],
    committed |-> 0,
    view |-> [era |-> 0, idx |-> 1],
    priorView |-> [era |-> 0, idx |-> 1],
    routeEra |-> 0,
    history |-> <<>>,
    retained |-> [era |-> 0, idx |-> 1],
    accepted |-> 0 ],
  [ type |-> "do-view-change",
    from |-> n2,
    to |-> n1,
    nonce |-> 0,
    slot |-> 1,
    entry |-> [era |-> 0, kind |-> "genesis", value |-> "genesis-value"],
    committed |-> 1,
    view |-> [era |-> 0, idx |-> 1],
    priorView |-> [era |-> 0, idx |-> 1],
    routeEra |-> 0,
    history |-> <<[era |-> 0, kind |-> "genesis", value |-> "genesis-value"]>>,
    retained |-> [era |-> 0, idx |-> 0],
    accepted |-> 1 ],
  [ type |-> "recovery",
    from |-> n1,
    to |-> n0,
    nonce |-> 1,
    slot |-> 0,
    entry |-> [era |-> 0, kind |-> "genesis", value |-> "genesis-value"],
    committed |-> 0,
    view |-> [era |-> 0, idx |-> 0],
    priorView |-> [era |-> 0, idx |-> 0],
    routeEra |-> 0,
    history |-> <<>>,
    retained |-> [era |-> 0, idx |-> 0],
    accepted |-> 0 ],
  [ type |-> "recovery",
    from |-> n1,
    to |-> n2,
    nonce |-> 1,
    slot |-> 0,
    entry |-> [era |-> 0, kind |-> "genesis", value |-> "genesis-value"],
    committed |-> 0,
    view |-> [era |-> 0, idx |-> 0],
    priorView |-> [era |-> 0, idx |-> 0],
    routeEra |-> 0,
    history |-> <<>>,
    retained |-> [era |-> 0, idx |-> 0],
    accepted |-> 0 ],
  [ type |-> "recovery-response",
    from |-> n0,
    to |-> n1,
    nonce |-> 1,
    slot |-> 0,
    entry |-> [era |-> 0, kind |-> "genesis", value |-> "genesis-value"],
    committed |-> 1,
    view |-> [era |-> 0, idx |-> 0],
    priorView |-> [era |-> 0, idx |-> 0],
    routeEra |-> 0,
    history |-> <<[era |-> 0, kind |-> "genesis", value |-> "genesis-value"]>>,
    retained |-> [era |-> 0, idx |-> 0],
    accepted |-> 1 ],
  [ type |-> "recovery-response",
    from |-> n2,
    to |-> n1,
    nonce |-> 1,
    slot |-> 0,
    entry |-> [era |-> 0, kind |-> "genesis", value |-> "genesis-value"],
    committed |-> 1,
    view |-> [era |-> 0, idx |-> 0],
    priorView |-> [era |-> 0, idx |-> 0],
    routeEra |-> 0,
    history |-> <<>>,
    retained |-> [era |-> 0, idx |-> 0],
    accepted |-> 1 ] }

State 11: <TraceNext line 74, col 14 to line 78, col 75 of module DelayedFence>
/\ retainedView = ( n0 :> [era |-> 0, idx |-> 0] @@
  n1 :> [era |-> 0, idx |-> 0] @@
  n2 :> [era |-> 0, idx |-> 0] )
/\ overlapStreamed = FALSE
/\ everEnteredViewChange = TRUE
/\ recoveryNonces = (n0 :> {} @@ n1 :> {} @@ n2 :> {})
/\ logs = ( n0 :> <<[era |-> 0, kind |-> "genesis", value |-> "genesis-value"]>> @@
  n1 :> <<[era |-> 0, kind |-> "genesis", value |-> "genesis-value"]>> @@
  n2 :> <<[era |-> 0, kind |-> "genesis", value |-> "genesis-value"]>> )
/\ historicalCommitted = { [ slot |-> 1,
    entry |-> [era |-> 0, kind |-> "genesis", value |-> "genesis-value"] ] }
/\ recoveryEvidence = {}
/\ castOccurred = FALSE
/\ epochs = (n0 :> 0 @@ n1 :> 1 @@ n2 :> 0)
/\ pc = 10
/\ currentView = ( n0 :> [era |-> 0, idx |-> 0] @@
  n1 :> [era |-> 0, idx |-> 0] @@
  n2 :> [era |-> 0, idx |-> 1] )
/\ committed = (n0 :> 1 @@ n1 :> 1 @@ n2 :> 1)
/\ status = (n0 :> "normal" @@ n1 :> "normal" @@ n2 :> "view-change")
/\ messages = { [ type |-> "start-view-change",
    from |-> n1,
    to |-> n0,
    nonce |-> 0,
    slot |-> 0,
    entry |-> [era |-> 0, kind |-> "genesis", value |-> "genesis-value"],
    committed |-> 0,
    view |-> [era |-> 0, idx |-> 1],
    priorView |-> [era |-> 0, idx |-> 1],
    routeEra |-> 0,
    history |-> <<>>,
    retained |-> [era |-> 0, idx |-> 1],
    accepted |-> 0 ],
  [ type |-> "start-view-change",
    from |-> n1,
    to |-> n1,
    nonce |-> 0,
    slot |-> 0,
    entry |-> [era |-> 0, kind |-> "genesis", value |-> "genesis-value"],
    committed |-> 0,
    view |-> [era |-> 0, idx |-> 1],
    priorView |-> [era |-> 0, idx |-> 1],
    routeEra |-> 0,
    history |-> <<>>,
    retained |-> [era |-> 0, idx |-> 1],
    accepted |-> 0 ],
  [ type |-> "start-view-change",
    from |-> n1,
    to |-> n2,
    nonce |-> 0,
    slot |-> 0,
    entry |-> [era |-> 0, kind |-> "genesis", value |-> "genesis-value"],
    committed |-> 0,
    view |-> [era |-> 0, idx |-> 1],
    priorView |-> [era |-> 0, idx |-> 1],
    routeEra |-> 0,
    history |-> <<>>,
    retained |-> [era |-> 0, idx |-> 1],
    accepted |-> 0 ],
  [ type |-> "start-view-change",
    from |-> n2,
    to |-> n0,
    nonce |-> 0,
    slot |-> 0,
    entry |-> [era |-> 0, kind |-> "genesis", value |-> "genesis-value"],
    committed |-> 0,
    view |-> [era |-> 0, idx |-> 1],
    priorView |-> [era |-> 0, idx |-> 1],
    routeEra |-> 0,
    history |-> <<>>,
    retained |-> [era |-> 0, idx |-> 1],
    accepted |-> 0 ],
  [ type |-> "start-view-change",
    from |-> n2,
    to |-> n1,
    nonce |-> 0,
    slot |-> 0,
    entry |-> [era |-> 0, kind |-> "genesis", value |-> "genesis-value"],
    committed |-> 0,
    view |-> [era |-> 0, idx |-> 1],
    priorView |-> [era |-> 0, idx |-> 1],
    routeEra |-> 0,
    history |-> <<>>,
    retained |-> [era |-> 0, idx |-> 1],
    accepted |-> 0 ],
  [ type |-> "start-view-change",
    from |-> n2,
    to |-> n2,
    nonce |-> 0,
    slot |-> 0,
    entry |-> [era |-> 0, kind |-> "genesis", value |-> "genesis-value"],
    committed |-> 0,
    view |-> [era |-> 0, idx |-> 1],
    priorView |-> [era |-> 0, idx |-> 1],
    routeEra |-> 0,
    history |-> <<>>,
    retained |-> [era |-> 0, idx |-> 1],
    accepted |-> 0 ],
  [ type |-> "do-view-change",
    from |-> n2,
    to |-> n1,
    nonce |-> 0,
    slot |-> 1,
    entry |-> [era |-> 0, kind |-> "genesis", value |-> "genesis-value"],
    committed |-> 1,
    view |-> [era |-> 0, idx |-> 1],
    priorView |-> [era |-> 0, idx |-> 1],
    routeEra |-> 0,
    history |-> <<[era |-> 0, kind |-> "genesis", value |-> "genesis-value"]>>,
    retained |-> [era |-> 0, idx |-> 0],
    accepted |-> 1 ],
  [ type |-> "recovery",
    from |-> n1,
    to |-> n0,
    nonce |-> 1,
    slot |-> 0,
    entry |-> [era |-> 0, kind |-> "genesis", value |-> "genesis-value"],
    committed |-> 0,
    view |-> [era |-> 0, idx |-> 0],
    priorView |-> [era |-> 0, idx |-> 0],
    routeEra |-> 0,
    history |-> <<>>,
    retained |-> [era |-> 0, idx |-> 0],
    accepted |-> 0 ],
  [ type |-> "recovery",
    from |-> n1,
    to |-> n2,
    nonce |-> 1,
    slot |-> 0,
    entry |-> [era |-> 0, kind |-> "genesis", value |-> "genesis-value"],
    committed |-> 0,
    view |-> [era |-> 0, idx |-> 0],
    priorView |-> [era |-> 0, idx |-> 0],
    routeEra |-> 0,
    history |-> <<>>,
    retained |-> [era |-> 0, idx |-> 0],
    accepted |-> 0 ],
  [ type |-> "recovery-response",
    from |-> n0,
    to |-> n1,
    nonce |-> 1,
    slot |-> 0,
    entry |-> [era |-> 0, kind |-> "genesis", value |-> "genesis-value"],
    committed |-> 1,
    view |-> [era |-> 0, idx |-> 0],
    priorView |-> [era |-> 0, idx |-> 0],
    routeEra |-> 0,
    history |-> <<[era |-> 0, kind |-> "genesis", value |-> "genesis-value"]>>,
    retained |-> [era |-> 0, idx |-> 0],
    accepted |-> 1 ],
  [ type |-> "recovery-response",
    from |-> n2,
    to |-> n1,
    nonce |-> 1,
    slot |-> 0,
    entry |-> [era |-> 0, kind |-> "genesis", value |-> "genesis-value"],
    committed |-> 1,
    view |-> [era |-> 0, idx |-> 0],
    priorView |-> [era |-> 0, idx |-> 0],
    routeEra |-> 0,
    history |-> <<>>,
    retained |-> [era |-> 0, idx |-> 0],
    accepted |-> 1 ] }

State 12: <TraceNext line 74, col 14 to line 78, col 75 of module DelayedFence>
/\ retainedView = ( n0 :> [era |-> 0, idx |-> 0] @@
  n1 :> [era |-> 0, idx |-> 0] @@
  n2 :> [era |-> 0, idx |-> 0] )
/\ overlapStreamed = FALSE
/\ everEnteredViewChange = TRUE
/\ recoveryNonces = (n0 :> {} @@ n1 :> {} @@ n2 :> {})
/\ logs = ( n0 :> <<[era |-> 0, kind |-> "genesis", value |-> "genesis-value"]>> @@
  n1 :> <<[era |-> 0, kind |-> "genesis", value |-> "genesis-value"]>> @@
  n2 :> <<[era |-> 0, kind |-> "genesis", value |-> "genesis-value"]>> )
/\ historicalCommitted = { [ slot |-> 1,
    entry |-> [era |-> 0, kind |-> "genesis", value |-> "genesis-value"] ] }
/\ recoveryEvidence = {}
/\ castOccurred = FALSE
/\ epochs = (n0 :> 0 @@ n1 :> 1 @@ n2 :> 1)
/\ pc = 11
/\ currentView = ( n0 :> [era |-> 0, idx |-> 0] @@
  n1 :> [era |-> 0, idx |-> 0] @@
  n2 :> [era |-> 0, idx |-> 0] )
/\ committed = (n0 :> 1 @@ n1 :> 1 @@ n2 :> 1)
/\ status = (n0 :> "normal" @@ n1 :> "normal" @@ n2 :> "recovering")
/\ messages = { [ type |-> "start-view-change",
    from |-> n1,
    to |-> n0,
    nonce |-> 0,
    slot |-> 0,
    entry |-> [era |-> 0, kind |-> "genesis", value |-> "genesis-value"],
    committed |-> 0,
    view |-> [era |-> 0, idx |-> 1],
    priorView |-> [era |-> 0, idx |-> 1],
    routeEra |-> 0,
    history |-> <<>>,
    retained |-> [era |-> 0, idx |-> 1],
    accepted |-> 0 ],
  [ type |-> "start-view-change",
    from |-> n1,
    to |-> n1,
    nonce |-> 0,
    slot |-> 0,
    entry |-> [era |-> 0, kind |-> "genesis", value |-> "genesis-value"],
    committed |-> 0,
    view |-> [era |-> 0, idx |-> 1],
    priorView |-> [era |-> 0, idx |-> 1],
    routeEra |-> 0,
    history |-> <<>>,
    retained |-> [era |-> 0, idx |-> 1],
    accepted |-> 0 ],
  [ type |-> "start-view-change",
    from |-> n1,
    to |-> n2,
    nonce |-> 0,
    slot |-> 0,
    entry |-> [era |-> 0, kind |-> "genesis", value |-> "genesis-value"],
    committed |-> 0,
    view |-> [era |-> 0, idx |-> 1],
    priorView |-> [era |-> 0, idx |-> 1],
    routeEra |-> 0,
    history |-> <<>>,
    retained |-> [era |-> 0, idx |-> 1],
    accepted |-> 0 ],
  [ type |-> "start-view-change",
    from |-> n2,
    to |-> n0,
    nonce |-> 0,
    slot |-> 0,
    entry |-> [era |-> 0, kind |-> "genesis", value |-> "genesis-value"],
    committed |-> 0,
    view |-> [era |-> 0, idx |-> 1],
    priorView |-> [era |-> 0, idx |-> 1],
    routeEra |-> 0,
    history |-> <<>>,
    retained |-> [era |-> 0, idx |-> 1],
    accepted |-> 0 ],
  [ type |-> "start-view-change",
    from |-> n2,
    to |-> n1,
    nonce |-> 0,
    slot |-> 0,
    entry |-> [era |-> 0, kind |-> "genesis", value |-> "genesis-value"],
    committed |-> 0,
    view |-> [era |-> 0, idx |-> 1],
    priorView |-> [era |-> 0, idx |-> 1],
    routeEra |-> 0,
    history |-> <<>>,
    retained |-> [era |-> 0, idx |-> 1],
    accepted |-> 0 ],
  [ type |-> "start-view-change",
    from |-> n2,
    to |-> n2,
    nonce |-> 0,
    slot |-> 0,
    entry |-> [era |-> 0, kind |-> "genesis", value |-> "genesis-value"],
    committed |-> 0,
    view |-> [era |-> 0, idx |-> 1],
    priorView |-> [era |-> 0, idx |-> 1],
    routeEra |-> 0,
    history |-> <<>>,
    retained |-> [era |-> 0, idx |-> 1],
    accepted |-> 0 ],
  [ type |-> "do-view-change",
    from |-> n2,
    to |-> n1,
    nonce |-> 0,
    slot |-> 1,
    entry |-> [era |-> 0, kind |-> "genesis", value |-> "genesis-value"],
    committed |-> 1,
    view |-> [era |-> 0, idx |-> 1],
    priorView |-> [era |-> 0, idx |-> 1],
    routeEra |-> 0,
    history |-> <<[era |-> 0, kind |-> "genesis", value |-> "genesis-value"]>>,
    retained |-> [era |-> 0, idx |-> 0],
    accepted |-> 1 ],
  [ type |-> "recovery",
    from |-> n1,
    to |-> n0,
    nonce |-> 1,
    slot |-> 0,
    entry |-> [era |-> 0, kind |-> "genesis", value |-> "genesis-value"],
    committed |-> 0,
    view |-> [era |-> 0, idx |-> 0],
    priorView |-> [era |-> 0, idx |-> 0],
    routeEra |-> 0,
    history |-> <<>>,
    retained |-> [era |-> 0, idx |-> 0],
    accepted |-> 0 ],
  [ type |-> "recovery",
    from |-> n1,
    to |-> n2,
    nonce |-> 1,
    slot |-> 0,
    entry |-> [era |-> 0, kind |-> "genesis", value |-> "genesis-value"],
    committed |-> 0,
    view |-> [era |-> 0, idx |-> 0],
    priorView |-> [era |-> 0, idx |-> 0],
    routeEra |-> 0,
    history |-> <<>>,
    retained |-> [era |-> 0, idx |-> 0],
    accepted |-> 0 ],
  [ type |-> "recovery-response",
    from |-> n0,
    to |-> n1,
    nonce |-> 1,
    slot |-> 0,
    entry |-> [era |-> 0, kind |-> "genesis", value |-> "genesis-value"],
    committed |-> 1,
    view |-> [era |-> 0, idx |-> 0],
    priorView |-> [era |-> 0, idx |-> 0],
    routeEra |-> 0,
    history |-> <<[era |-> 0, kind |-> "genesis", value |-> "genesis-value"]>>,
    retained |-> [era |-> 0, idx |-> 0],
    accepted |-> 1 ],
  [ type |-> "recovery-response",
    from |-> n2,
    to |-> n1,
    nonce |-> 1,
    slot |-> 0,
    entry |-> [era |-> 0, kind |-> "genesis", value |-> "genesis-value"],
    committed |-> 1,
    view |-> [era |-> 0, idx |-> 0],
    priorView |-> [era |-> 0, idx |-> 0],
    routeEra |-> 0,
    history |-> <<>>,
    retained |-> [era |-> 0, idx |-> 0],
    accepted |-> 1 ] }

State 13: <TraceNext line 74, col 14 to line 78, col 75 of module DelayedFence>
/\ retainedView = ( n0 :> [era |-> 0, idx |-> 0] @@
  n1 :> [era |-> 0, idx |-> 0] @@
  n2 :> [era |-> 0, idx |-> 0] )
/\ overlapStreamed = FALSE
/\ everEnteredViewChange = TRUE
/\ recoveryNonces = (n0 :> {} @@ n1 :> {} @@ n2 :> {1})
/\ logs = ( n0 :> <<[era |-> 0, kind |-> "genesis", value |-> "genesis-value"]>> @@
  n1 :> <<[era |-> 0, kind |-> "genesis", value |-> "genesis-value"]>> @@
  n2 :> <<[era |-> 0, kind |-> "genesis", value |-> "genesis-value"]>> )
/\ historicalCommitted = { [ slot |-> 1,
    entry |-> [era |-> 0, kind |-> "genesis", value |-> "genesis-value"] ] }
/\ recoveryEvidence = {}
/\ castOccurred = FALSE
/\ epochs = (n0 :> 0 @@ n1 :> 1 @@ n2 :> 1)
/\ pc = 12
/\ currentView = ( n0 :> [era |-> 0, idx |-> 0] @@
  n1 :> [era |-> 0, idx |-> 0] @@
  n2 :> [era |-> 0, idx |-> 0] )
/\ committed = (n0 :> 1 @@ n1 :> 1 @@ n2 :> 1)
/\ status = (n0 :> "normal" @@ n1 :> "normal" @@ n2 :> "recovering")
/\ messages = { [ type |-> "start-view-change",
    from |-> n1,
    to |-> n0,
    nonce |-> 0,
    slot |-> 0,
    entry |-> [era |-> 0, kind |-> "genesis", value |-> "genesis-value"],
    committed |-> 0,
    view |-> [era |-> 0, idx |-> 1],
    priorView |-> [era |-> 0, idx |-> 1],
    routeEra |-> 0,
    history |-> <<>>,
    retained |-> [era |-> 0, idx |-> 1],
    accepted |-> 0 ],
  [ type |-> "start-view-change",
    from |-> n1,
    to |-> n1,
    nonce |-> 0,
    slot |-> 0,
    entry |-> [era |-> 0, kind |-> "genesis", value |-> "genesis-value"],
    committed |-> 0,
    view |-> [era |-> 0, idx |-> 1],
    priorView |-> [era |-> 0, idx |-> 1],
    routeEra |-> 0,
    history |-> <<>>,
    retained |-> [era |-> 0, idx |-> 1],
    accepted |-> 0 ],
  [ type |-> "start-view-change",
    from |-> n1,
    to |-> n2,
    nonce |-> 0,
    slot |-> 0,
    entry |-> [era |-> 0, kind |-> "genesis", value |-> "genesis-value"],
    committed |-> 0,
    view |-> [era |-> 0, idx |-> 1],
    priorView |-> [era |-> 0, idx |-> 1],
    routeEra |-> 0,
    history |-> <<>>,
    retained |-> [era |-> 0, idx |-> 1],
    accepted |-> 0 ],
  [ type |-> "start-view-change",
    from |-> n2,
    to |-> n0,
    nonce |-> 0,
    slot |-> 0,
    entry |-> [era |-> 0, kind |-> "genesis", value |-> "genesis-value"],
    committed |-> 0,
    view |-> [era |-> 0, idx |-> 1],
    priorView |-> [era |-> 0, idx |-> 1],
    routeEra |-> 0,
    history |-> <<>>,
    retained |-> [era |-> 0, idx |-> 1],
    accepted |-> 0 ],
  [ type |-> "start-view-change",
    from |-> n2,
    to |-> n1,
    nonce |-> 0,
    slot |-> 0,
    entry |-> [era |-> 0, kind |-> "genesis", value |-> "genesis-value"],
    committed |-> 0,
    view |-> [era |-> 0, idx |-> 1],
    priorView |-> [era |-> 0, idx |-> 1],
    routeEra |-> 0,
    history |-> <<>>,
    retained |-> [era |-> 0, idx |-> 1],
    accepted |-> 0 ],
  [ type |-> "start-view-change",
    from |-> n2,
    to |-> n2,
    nonce |-> 0,
    slot |-> 0,
    entry |-> [era |-> 0, kind |-> "genesis", value |-> "genesis-value"],
    committed |-> 0,
    view |-> [era |-> 0, idx |-> 1],
    priorView |-> [era |-> 0, idx |-> 1],
    routeEra |-> 0,
    history |-> <<>>,
    retained |-> [era |-> 0, idx |-> 1],
    accepted |-> 0 ],
  [ type |-> "do-view-change",
    from |-> n2,
    to |-> n1,
    nonce |-> 0,
    slot |-> 1,
    entry |-> [era |-> 0, kind |-> "genesis", value |-> "genesis-value"],
    committed |-> 1,
    view |-> [era |-> 0, idx |-> 1],
    priorView |-> [era |-> 0, idx |-> 1],
    routeEra |-> 0,
    history |-> <<[era |-> 0, kind |-> "genesis", value |-> "genesis-value"]>>,
    retained |-> [era |-> 0, idx |-> 0],
    accepted |-> 1 ],
  [ type |-> "recovery",
    from |-> n1,
    to |-> n0,
    nonce |-> 1,
    slot |-> 0,
    entry |-> [era |-> 0, kind |-> "genesis", value |-> "genesis-value"],
    committed |-> 0,
    view |-> [era |-> 0, idx |-> 0],
    priorView |-> [era |-> 0, idx |-> 0],
    routeEra |-> 0,
    history |-> <<>>,
    retained |-> [era |-> 0, idx |-> 0],
    accepted |-> 0 ],
  [ type |-> "recovery",
    from |-> n1,
    to |-> n2,
    nonce |-> 1,
    slot |-> 0,
    entry |-> [era |-> 0, kind |-> "genesis", value |-> "genesis-value"],
    committed |-> 0,
    view |-> [era |-> 0, idx |-> 0],
    priorView |-> [era |-> 0, idx |-> 0],
    routeEra |-> 0,
    history |-> <<>>,
    retained |-> [era |-> 0, idx |-> 0],
    accepted |-> 0 ],
  [ type |-> "recovery",
    from |-> n2,
    to |-> n0,
    nonce |-> 1,
    slot |-> 0,
    entry |-> [era |-> 0, kind |-> "genesis", value |-> "genesis-value"],
    committed |-> 0,
    view |-> [era |-> 0, idx |-> 0],
    priorView |-> [era |-> 0, idx |-> 0],
    routeEra |-> 0,
    history |-> <<>>,
    retained |-> [era |-> 0, idx |-> 0],
    accepted |-> 0 ],
  [ type |-> "recovery",
    from |-> n2,
    to |-> n1,
    nonce |-> 1,
    slot |-> 0,
    entry |-> [era |-> 0, kind |-> "genesis", value |-> "genesis-value"],
    committed |-> 0,
    view |-> [era |-> 0, idx |-> 0],
    priorView |-> [era |-> 0, idx |-> 0],
    routeEra |-> 0,
    history |-> <<>>,
    retained |-> [era |-> 0, idx |-> 0],
    accepted |-> 0 ],
  [ type |-> "recovery-response",
    from |-> n0,
    to |-> n1,
    nonce |-> 1,
    slot |-> 0,
    entry |-> [era |-> 0, kind |-> "genesis", value |-> "genesis-value"],
    committed |-> 1,
    view |-> [era |-> 0, idx |-> 0],
    priorView |-> [era |-> 0, idx |-> 0],
    routeEra |-> 0,
    history |-> <<[era |-> 0, kind |-> "genesis", value |-> "genesis-value"]>>,
    retained |-> [era |-> 0, idx |-> 0],
    accepted |-> 1 ],
  [ type |-> "recovery-response",
    from |-> n2,
    to |-> n1,
    nonce |-> 1,
    slot |-> 0,
    entry |-> [era |-> 0, kind |-> "genesis", value |-> "genesis-value"],
    committed |-> 1,
    view |-> [era |-> 0, idx |-> 0],
    priorView |-> [era |-> 0, idx |-> 0],
    routeEra |-> 0,
    history |-> <<>>,
    retained |-> [era |-> 0, idx |-> 0],
    accepted |-> 1 ] }

State 14: <TraceNext line 74, col 14 to line 78, col 75 of module DelayedFence>
/\ retainedView = ( n0 :> [era |-> 0, idx |-> 0] @@
  n1 :> [era |-> 0, idx |-> 0] @@
  n2 :> [era |-> 0, idx |-> 0] )
/\ overlapStreamed = FALSE
/\ everEnteredViewChange = TRUE
/\ recoveryNonces = (n0 :> {} @@ n1 :> {} @@ n2 :> {1})
/\ logs = ( n0 :> <<[era |-> 0, kind |-> "genesis", value |-> "genesis-value"]>> @@
  n1 :> <<[era |-> 0, kind |-> "genesis", value |-> "genesis-value"]>> @@
  n2 :> <<[era |-> 0, kind |-> "genesis", value |-> "genesis-value"]>> )
/\ historicalCommitted = { [ slot |-> 1,
    entry |-> [era |-> 0, kind |-> "genesis", value |-> "genesis-value"] ] }
/\ recoveryEvidence = {}
/\ castOccurred = FALSE
/\ epochs = (n0 :> 0 @@ n1 :> 1 @@ n2 :> 1)
/\ pc = 13
/\ currentView = ( n0 :> [era |-> 0, idx |-> 0] @@
  n1 :> [era |-> 0, idx |-> 0] @@
  n2 :> [era |-> 0, idx |-> 0] )
/\ committed = (n0 :> 1 @@ n1 :> 1 @@ n2 :> 1)
/\ status = (n0 :> "normal" @@ n1 :> "normal" @@ n2 :> "recovering")
/\ messages = { [ type |-> "start-view-change",
    from |-> n1,
    to |-> n0,
    nonce |-> 0,
    slot |-> 0,
    entry |-> [era |-> 0, kind |-> "genesis", value |-> "genesis-value"],
    committed |-> 0,
    view |-> [era |-> 0, idx |-> 1],
    priorView |-> [era |-> 0, idx |-> 1],
    routeEra |-> 0,
    history |-> <<>>,
    retained |-> [era |-> 0, idx |-> 1],
    accepted |-> 0 ],
  [ type |-> "start-view-change",
    from |-> n1,
    to |-> n1,
    nonce |-> 0,
    slot |-> 0,
    entry |-> [era |-> 0, kind |-> "genesis", value |-> "genesis-value"],
    committed |-> 0,
    view |-> [era |-> 0, idx |-> 1],
    priorView |-> [era |-> 0, idx |-> 1],
    routeEra |-> 0,
    history |-> <<>>,
    retained |-> [era |-> 0, idx |-> 1],
    accepted |-> 0 ],
  [ type |-> "start-view-change",
    from |-> n1,
    to |-> n2,
    nonce |-> 0,
    slot |-> 0,
    entry |-> [era |-> 0, kind |-> "genesis", value |-> "genesis-value"],
    committed |-> 0,
    view |-> [era |-> 0, idx |-> 1],
    priorView |-> [era |-> 0, idx |-> 1],
    routeEra |-> 0,
    history |-> <<>>,
    retained |-> [era |-> 0, idx |-> 1],
    accepted |-> 0 ],
  [ type |-> "start-view-change",
    from |-> n2,
    to |-> n0,
    nonce |-> 0,
    slot |-> 0,
    entry |-> [era |-> 0, kind |-> "genesis", value |-> "genesis-value"],
    committed |-> 0,
    view |-> [era |-> 0, idx |-> 1],
    priorView |-> [era |-> 0, idx |-> 1],
    routeEra |-> 0,
    history |-> <<>>,
    retained |-> [era |-> 0, idx |-> 1],
    accepted |-> 0 ],
  [ type |-> "start-view-change",
    from |-> n2,
    to |-> n1,
    nonce |-> 0,
    slot |-> 0,
    entry |-> [era |-> 0, kind |-> "genesis", value |-> "genesis-value"],
    committed |-> 0,
    view |-> [era |-> 0, idx |-> 1],
    priorView |-> [era |-> 0, idx |-> 1],
    routeEra |-> 0,
    history |-> <<>>,
    retained |-> [era |-> 0, idx |-> 1],
    accepted |-> 0 ],
  [ type |-> "start-view-change",
    from |-> n2,
    to |-> n2,
    nonce |-> 0,
    slot |-> 0,
    entry |-> [era |-> 0, kind |-> "genesis", value |-> "genesis-value"],
    committed |-> 0,
    view |-> [era |-> 0, idx |-> 1],
    priorView |-> [era |-> 0, idx |-> 1],
    routeEra |-> 0,
    history |-> <<>>,
    retained |-> [era |-> 0, idx |-> 1],
    accepted |-> 0 ],
  [ type |-> "do-view-change",
    from |-> n2,
    to |-> n1,
    nonce |-> 0,
    slot |-> 1,
    entry |-> [era |-> 0, kind |-> "genesis", value |-> "genesis-value"],
    committed |-> 1,
    view |-> [era |-> 0, idx |-> 1],
    priorView |-> [era |-> 0, idx |-> 1],
    routeEra |-> 0,
    history |-> <<[era |-> 0, kind |-> "genesis", value |-> "genesis-value"]>>,
    retained |-> [era |-> 0, idx |-> 0],
    accepted |-> 1 ],
  [ type |-> "recovery",
    from |-> n1,
    to |-> n0,
    nonce |-> 1,
    slot |-> 0,
    entry |-> [era |-> 0, kind |-> "genesis", value |-> "genesis-value"],
    committed |-> 0,
    view |-> [era |-> 0, idx |-> 0],
    priorView |-> [era |-> 0, idx |-> 0],
    routeEra |-> 0,
    history |-> <<>>,
    retained |-> [era |-> 0, idx |-> 0],
    accepted |-> 0 ],
  [ type |-> "recovery",
    from |-> n1,
    to |-> n2,
    nonce |-> 1,
    slot |-> 0,
    entry |-> [era |-> 0, kind |-> "genesis", value |-> "genesis-value"],
    committed |-> 0,
    view |-> [era |-> 0, idx |-> 0],
    priorView |-> [era |-> 0, idx |-> 0],
    routeEra |-> 0,
    history |-> <<>>,
    retained |-> [era |-> 0, idx |-> 0],
    accepted |-> 0 ],
  [ type |-> "recovery",
    from |-> n2,
    to |-> n0,
    nonce |-> 1,
    slot |-> 0,
    entry |-> [era |-> 0, kind |-> "genesis", value |-> "genesis-value"],
    committed |-> 0,
    view |-> [era |-> 0, idx |-> 0],
    priorView |-> [era |-> 0, idx |-> 0],
    routeEra |-> 0,
    history |-> <<>>,
    retained |-> [era |-> 0, idx |-> 0],
    accepted |-> 0 ],
  [ type |-> "recovery",
    from |-> n2,
    to |-> n1,
    nonce |-> 1,
    slot |-> 0,
    entry |-> [era |-> 0, kind |-> "genesis", value |-> "genesis-value"],
    committed |-> 0,
    view |-> [era |-> 0, idx |-> 0],
    priorView |-> [era |-> 0, idx |-> 0],
    routeEra |-> 0,
    history |-> <<>>,
    retained |-> [era |-> 0, idx |-> 0],
    accepted |-> 0 ],
  [ type |-> "recovery-response",
    from |-> n0,
    to |-> n1,
    nonce |-> 1,
    slot |-> 0,
    entry |-> [era |-> 0, kind |-> "genesis", value |-> "genesis-value"],
    committed |-> 1,
    view |-> [era |-> 0, idx |-> 0],
    priorView |-> [era |-> 0, idx |-> 0],
    routeEra |-> 0,
    history |-> <<[era |-> 0, kind |-> "genesis", value |-> "genesis-value"]>>,
    retained |-> [era |-> 0, idx |-> 0],
    accepted |-> 1 ],
  [ type |-> "recovery-response",
    from |-> n0,
    to |-> n2,
    nonce |-> 1,
    slot |-> 0,
    entry |-> [era |-> 0, kind |-> "genesis", value |-> "genesis-value"],
    committed |-> 1,
    view |-> [era |-> 0, idx |-> 0],
    priorView |-> [era |-> 0, idx |-> 0],
    routeEra |-> 0,
    history |-> <<[era |-> 0, kind |-> "genesis", value |-> "genesis-value"]>>,
    retained |-> [era |-> 0, idx |-> 0],
    accepted |-> 1 ],
  [ type |-> "recovery-response",
    from |-> n2,
    to |-> n1,
    nonce |-> 1,
    slot |-> 0,
    entry |-> [era |-> 0, kind |-> "genesis", value |-> "genesis-value"],
    committed |-> 1,
    view |-> [era |-> 0, idx |-> 0],
    priorView |-> [era |-> 0, idx |-> 0],
    routeEra |-> 0,
    history |-> <<>>,
    retained |-> [era |-> 0, idx |-> 0],
    accepted |-> 1 ] }

State 15: <TraceNext line 74, col 14 to line 78, col 75 of module DelayedFence>
/\ retainedView = ( n0 :> [era |-> 0, idx |-> 0] @@
  n1 :> [era |-> 0, idx |-> 0] @@
  n2 :> [era |-> 0, idx |-> 0] )
/\ overlapStreamed = FALSE
/\ everEnteredViewChange = TRUE
/\ recoveryNonces = (n0 :> {} @@ n1 :> {} @@ n2 :> {1})
/\ logs = ( n0 :> <<[era |-> 0, kind |-> "genesis", value |-> "genesis-value"]>> @@
  n1 :> <<[era |-> 0, kind |-> "genesis", value |-> "genesis-value"]>> @@
  n2 :> <<[era |-> 0, kind |-> "genesis", value |-> "genesis-value"]>> )
/\ historicalCommitted = { [ slot |-> 1,
    entry |-> [era |-> 0, kind |-> "genesis", value |-> "genesis-value"] ] }
/\ recoveryEvidence = {}
/\ castOccurred = FALSE
/\ epochs = (n0 :> 0 @@ n1 :> 1 @@ n2 :> 1)
/\ pc = 14
/\ currentView = ( n0 :> [era |-> 0, idx |-> 0] @@
  n1 :> [era |-> 0, idx |-> 0] @@
  n2 :> [era |-> 0, idx |-> 0] )
/\ committed = (n0 :> 1 @@ n1 :> 1 @@ n2 :> 1)
/\ status = (n0 :> "normal" @@ n1 :> "normal" @@ n2 :> "recovering")
/\ messages = { [ type |-> "start-view-change",
    from |-> n1,
    to |-> n0,
    nonce |-> 0,
    slot |-> 0,
    entry |-> [era |-> 0, kind |-> "genesis", value |-> "genesis-value"],
    committed |-> 0,
    view |-> [era |-> 0, idx |-> 1],
    priorView |-> [era |-> 0, idx |-> 1],
    routeEra |-> 0,
    history |-> <<>>,
    retained |-> [era |-> 0, idx |-> 1],
    accepted |-> 0 ],
  [ type |-> "start-view-change",
    from |-> n1,
    to |-> n1,
    nonce |-> 0,
    slot |-> 0,
    entry |-> [era |-> 0, kind |-> "genesis", value |-> "genesis-value"],
    committed |-> 0,
    view |-> [era |-> 0, idx |-> 1],
    priorView |-> [era |-> 0, idx |-> 1],
    routeEra |-> 0,
    history |-> <<>>,
    retained |-> [era |-> 0, idx |-> 1],
    accepted |-> 0 ],
  [ type |-> "start-view-change",
    from |-> n1,
    to |-> n2,
    nonce |-> 0,
    slot |-> 0,
    entry |-> [era |-> 0, kind |-> "genesis", value |-> "genesis-value"],
    committed |-> 0,
    view |-> [era |-> 0, idx |-> 1],
    priorView |-> [era |-> 0, idx |-> 1],
    routeEra |-> 0,
    history |-> <<>>,
    retained |-> [era |-> 0, idx |-> 1],
    accepted |-> 0 ],
  [ type |-> "start-view-change",
    from |-> n2,
    to |-> n0,
    nonce |-> 0,
    slot |-> 0,
    entry |-> [era |-> 0, kind |-> "genesis", value |-> "genesis-value"],
    committed |-> 0,
    view |-> [era |-> 0, idx |-> 1],
    priorView |-> [era |-> 0, idx |-> 1],
    routeEra |-> 0,
    history |-> <<>>,
    retained |-> [era |-> 0, idx |-> 1],
    accepted |-> 0 ],
  [ type |-> "start-view-change",
    from |-> n2,
    to |-> n1,
    nonce |-> 0,
    slot |-> 0,
    entry |-> [era |-> 0, kind |-> "genesis", value |-> "genesis-value"],
    committed |-> 0,
    view |-> [era |-> 0, idx |-> 1],
    priorView |-> [era |-> 0, idx |-> 1],
    routeEra |-> 0,
    history |-> <<>>,
    retained |-> [era |-> 0, idx |-> 1],
    accepted |-> 0 ],
  [ type |-> "start-view-change",
    from |-> n2,
    to |-> n2,
    nonce |-> 0,
    slot |-> 0,
    entry |-> [era |-> 0, kind |-> "genesis", value |-> "genesis-value"],
    committed |-> 0,
    view |-> [era |-> 0, idx |-> 1],
    priorView |-> [era |-> 0, idx |-> 1],
    routeEra |-> 0,
    history |-> <<>>,
    retained |-> [era |-> 0, idx |-> 1],
    accepted |-> 0 ],
  [ type |-> "do-view-change",
    from |-> n2,
    to |-> n1,
    nonce |-> 0,
    slot |-> 1,
    entry |-> [era |-> 0, kind |-> "genesis", value |-> "genesis-value"],
    committed |-> 1,
    view |-> [era |-> 0, idx |-> 1],
    priorView |-> [era |-> 0, idx |-> 1],
    routeEra |-> 0,
    history |-> <<[era |-> 0, kind |-> "genesis", value |-> "genesis-value"]>>,
    retained |-> [era |-> 0, idx |-> 0],
    accepted |-> 1 ],
  [ type |-> "recovery",
    from |-> n1,
    to |-> n0,
    nonce |-> 1,
    slot |-> 0,
    entry |-> [era |-> 0, kind |-> "genesis", value |-> "genesis-value"],
    committed |-> 0,
    view |-> [era |-> 0, idx |-> 0],
    priorView |-> [era |-> 0, idx |-> 0],
    routeEra |-> 0,
    history |-> <<>>,
    retained |-> [era |-> 0, idx |-> 0],
    accepted |-> 0 ],
  [ type |-> "recovery",
    from |-> n1,
    to |-> n2,
    nonce |-> 1,
    slot |-> 0,
    entry |-> [era |-> 0, kind |-> "genesis", value |-> "genesis-value"],
    committed |-> 0,
    view |-> [era |-> 0, idx |-> 0],
    priorView |-> [era |-> 0, idx |-> 0],
    routeEra |-> 0,
    history |-> <<>>,
    retained |-> [era |-> 0, idx |-> 0],
    accepted |-> 0 ],
  [ type |-> "recovery",
    from |-> n2,
    to |-> n0,
    nonce |-> 1,
    slot |-> 0,
    entry |-> [era |-> 0, kind |-> "genesis", value |-> "genesis-value"],
    committed |-> 0,
    view |-> [era |-> 0, idx |-> 0],
    priorView |-> [era |-> 0, idx |-> 0],
    routeEra |-> 0,
    history |-> <<>>,
    retained |-> [era |-> 0, idx |-> 0],
    accepted |-> 0 ],
  [ type |-> "recovery",
    from |-> n2,
    to |-> n1,
    nonce |-> 1,
    slot |-> 0,
    entry |-> [era |-> 0, kind |-> "genesis", value |-> "genesis-value"],
    committed |-> 0,
    view |-> [era |-> 0, idx |-> 0],
    priorView |-> [era |-> 0, idx |-> 0],
    routeEra |-> 0,
    history |-> <<>>,
    retained |-> [era |-> 0, idx |-> 0],
    accepted |-> 0 ],
  [ type |-> "recovery-response",
    from |-> n0,
    to |-> n1,
    nonce |-> 1,
    slot |-> 0,
    entry |-> [era |-> 0, kind |-> "genesis", value |-> "genesis-value"],
    committed |-> 1,
    view |-> [era |-> 0, idx |-> 0],
    priorView |-> [era |-> 0, idx |-> 0],
    routeEra |-> 0,
    history |-> <<[era |-> 0, kind |-> "genesis", value |-> "genesis-value"]>>,
    retained |-> [era |-> 0, idx |-> 0],
    accepted |-> 1 ],
  [ type |-> "recovery-response",
    from |-> n0,
    to |-> n2,
    nonce |-> 1,
    slot |-> 0,
    entry |-> [era |-> 0, kind |-> "genesis", value |-> "genesis-value"],
    committed |-> 1,
    view |-> [era |-> 0, idx |-> 0],
    priorView |-> [era |-> 0, idx |-> 0],
    routeEra |-> 0,
    history |-> <<[era |-> 0, kind |-> "genesis", value |-> "genesis-value"]>>,
    retained |-> [era |-> 0, idx |-> 0],
    accepted |-> 1 ],
  [ type |-> "recovery-response",
    from |-> n1,
    to |-> n2,
    nonce |-> 1,
    slot |-> 0,
    entry |-> [era |-> 0, kind |-> "genesis", value |-> "genesis-value"],
    committed |-> 1,
    view |-> [era |-> 0, idx |-> 0],
    priorView |-> [era |-> 0, idx |-> 0],
    routeEra |-> 0,
    history |-> <<>>,
    retained |-> [era |-> 0, idx |-> 0],
    accepted |-> 1 ],
  [ type |-> "recovery-response",
    from |-> n2,
    to |-> n1,
    nonce |-> 1,
    slot |-> 0,
    entry |-> [era |-> 0, kind |-> "genesis", value |-> "genesis-value"],
    committed |-> 1,
    view |-> [era |-> 0, idx |-> 0],
    priorView |-> [era |-> 0, idx |-> 0],
    routeEra |-> 0,
    history |-> <<>>,
    retained |-> [era |-> 0, idx |-> 0],
    accepted |-> 1 ] }

State 16: <TraceNext line 74, col 14 to line 78, col 75 of module DelayedFence>
/\ retainedView = ( n0 :> [era |-> 0, idx |-> 0] @@
  n1 :> [era |-> 0, idx |-> 0] @@
  n2 :> [era |-> 0, idx |-> 0] )
/\ overlapStreamed = FALSE
/\ everEnteredViewChange = TRUE
/\ recoveryNonces = (n0 :> {} @@ n1 :> {} @@ n2 :> {1})
/\ logs = ( n0 :> <<[era |-> 0, kind |-> "genesis", value |-> "genesis-value"]>> @@
  n1 :> <<[era |-> 0, kind |-> "genesis", value |-> "genesis-value"]>> @@
  n2 :> <<[era |-> 0, kind |-> "genesis", value |-> "genesis-value"]>> )
/\ historicalCommitted = { [ slot |-> 1,
    entry |-> [era |-> 0, kind |-> "genesis", value |-> "genesis-value"] ] }
/\ recoveryEvidence = { [ type |-> "recovery-response",
    from |-> n0,
    to |-> n2,
    nonce |-> 1,
    slot |-> 0,
    entry |-> [era |-> 0, kind |-> "genesis", value |-> "genesis-value"],
    committed |-> 1,
    view |-> [era |-> 0, idx |-> 0],
    priorView |-> [era |-> 0, idx |-> 0],
    routeEra |-> 0,
    history |-> <<[era |-> 0, kind |-> "genesis", value |-> "genesis-value"]>>,
    retained |-> [era |-> 0, idx |-> 0],
    accepted |-> 1 ] }
/\ castOccurred = FALSE
/\ epochs = (n0 :> 0 @@ n1 :> 1 @@ n2 :> 1)
/\ pc = 15
/\ currentView = ( n0 :> [era |-> 0, idx |-> 0] @@
  n1 :> [era |-> 0, idx |-> 0] @@
  n2 :> [era |-> 0, idx |-> 0] )
/\ committed = (n0 :> 1 @@ n1 :> 1 @@ n2 :> 1)
/\ status = (n0 :> "normal" @@ n1 :> "normal" @@ n2 :> "recovering")
/\ messages = { [ type |-> "start-view-change",
    from |-> n1,
    to |-> n0,
    nonce |-> 0,
    slot |-> 0,
    entry |-> [era |-> 0, kind |-> "genesis", value |-> "genesis-value"],
    committed |-> 0,
    view |-> [era |-> 0, idx |-> 1],
    priorView |-> [era |-> 0, idx |-> 1],
    routeEra |-> 0,
    history |-> <<>>,
    retained |-> [era |-> 0, idx |-> 1],
    accepted |-> 0 ],
  [ type |-> "start-view-change",
    from |-> n1,
    to |-> n1,
    nonce |-> 0,
    slot |-> 0,
    entry |-> [era |-> 0, kind |-> "genesis", value |-> "genesis-value"],
    committed |-> 0,
    view |-> [era |-> 0, idx |-> 1],
    priorView |-> [era |-> 0, idx |-> 1],
    routeEra |-> 0,
    history |-> <<>>,
    retained |-> [era |-> 0, idx |-> 1],
    accepted |-> 0 ],
  [ type |-> "start-view-change",
    from |-> n1,
    to |-> n2,
    nonce |-> 0,
    slot |-> 0,
    entry |-> [era |-> 0, kind |-> "genesis", value |-> "genesis-value"],
    committed |-> 0,
    view |-> [era |-> 0, idx |-> 1],
    priorView |-> [era |-> 0, idx |-> 1],
    routeEra |-> 0,
    history |-> <<>>,
    retained |-> [era |-> 0, idx |-> 1],
    accepted |-> 0 ],
  [ type |-> "start-view-change",
    from |-> n2,
    to |-> n0,
    nonce |-> 0,
    slot |-> 0,
    entry |-> [era |-> 0, kind |-> "genesis", value |-> "genesis-value"],
    committed |-> 0,
    view |-> [era |-> 0, idx |-> 1],
    priorView |-> [era |-> 0, idx |-> 1],
    routeEra |-> 0,
    history |-> <<>>,
    retained |-> [era |-> 0, idx |-> 1],
    accepted |-> 0 ],
  [ type |-> "start-view-change",
    from |-> n2,
    to |-> n1,
    nonce |-> 0,
    slot |-> 0,
    entry |-> [era |-> 0, kind |-> "genesis", value |-> "genesis-value"],
    committed |-> 0,
    view |-> [era |-> 0, idx |-> 1],
    priorView |-> [era |-> 0, idx |-> 1],
    routeEra |-> 0,
    history |-> <<>>,
    retained |-> [era |-> 0, idx |-> 1],
    accepted |-> 0 ],
  [ type |-> "start-view-change",
    from |-> n2,
    to |-> n2,
    nonce |-> 0,
    slot |-> 0,
    entry |-> [era |-> 0, kind |-> "genesis", value |-> "genesis-value"],
    committed |-> 0,
    view |-> [era |-> 0, idx |-> 1],
    priorView |-> [era |-> 0, idx |-> 1],
    routeEra |-> 0,
    history |-> <<>>,
    retained |-> [era |-> 0, idx |-> 1],
    accepted |-> 0 ],
  [ type |-> "do-view-change",
    from |-> n2,
    to |-> n1,
    nonce |-> 0,
    slot |-> 1,
    entry |-> [era |-> 0, kind |-> "genesis", value |-> "genesis-value"],
    committed |-> 1,
    view |-> [era |-> 0, idx |-> 1],
    priorView |-> [era |-> 0, idx |-> 1],
    routeEra |-> 0,
    history |-> <<[era |-> 0, kind |-> "genesis", value |-> "genesis-value"]>>,
    retained |-> [era |-> 0, idx |-> 0],
    accepted |-> 1 ],
  [ type |-> "recovery",
    from |-> n1,
    to |-> n0,
    nonce |-> 1,
    slot |-> 0,
    entry |-> [era |-> 0, kind |-> "genesis", value |-> "genesis-value"],
    committed |-> 0,
    view |-> [era |-> 0, idx |-> 0],
    priorView |-> [era |-> 0, idx |-> 0],
    routeEra |-> 0,
    history |-> <<>>,
    retained |-> [era |-> 0, idx |-> 0],
    accepted |-> 0 ],
  [ type |-> "recovery",
    from |-> n1,
    to |-> n2,
    nonce |-> 1,
    slot |-> 0,
    entry |-> [era |-> 0, kind |-> "genesis", value |-> "genesis-value"],
    committed |-> 0,
    view |-> [era |-> 0, idx |-> 0],
    priorView |-> [era |-> 0, idx |-> 0],
    routeEra |-> 0,
    history |-> <<>>,
    retained |-> [era |-> 0, idx |-> 0],
    accepted |-> 0 ],
  [ type |-> "recovery",
    from |-> n2,
    to |-> n0,
    nonce |-> 1,
    slot |-> 0,
    entry |-> [era |-> 0, kind |-> "genesis", value |-> "genesis-value"],
    committed |-> 0,
    view |-> [era |-> 0, idx |-> 0],
    priorView |-> [era |-> 0, idx |-> 0],
    routeEra |-> 0,
    history |-> <<>>,
    retained |-> [era |-> 0, idx |-> 0],
    accepted |-> 0 ],
  [ type |-> "recovery",
    from |-> n2,
    to |-> n1,
    nonce |-> 1,
    slot |-> 0,
    entry |-> [era |-> 0, kind |-> "genesis", value |-> "genesis-value"],
    committed |-> 0,
    view |-> [era |-> 0, idx |-> 0],
    priorView |-> [era |-> 0, idx |-> 0],
    routeEra |-> 0,
    history |-> <<>>,
    retained |-> [era |-> 0, idx |-> 0],
    accepted |-> 0 ],
  [ type |-> "recovery-response",
    from |-> n0,
    to |-> n1,
    nonce |-> 1,
    slot |-> 0,
    entry |-> [era |-> 0, kind |-> "genesis", value |-> "genesis-value"],
    committed |-> 1,
    view |-> [era |-> 0, idx |-> 0],
    priorView |-> [era |-> 0, idx |-> 0],
    routeEra |-> 0,
    history |-> <<[era |-> 0, kind |-> "genesis", value |-> "genesis-value"]>>,
    retained |-> [era |-> 0, idx |-> 0],
    accepted |-> 1 ],
  [ type |-> "recovery-response",
    from |-> n0,
    to |-> n2,
    nonce |-> 1,
    slot |-> 0,
    entry |-> [era |-> 0, kind |-> "genesis", value |-> "genesis-value"],
    committed |-> 1,
    view |-> [era |-> 0, idx |-> 0],
    priorView |-> [era |-> 0, idx |-> 0],
    routeEra |-> 0,
    history |-> <<[era |-> 0, kind |-> "genesis", value |-> "genesis-value"]>>,
    retained |-> [era |-> 0, idx |-> 0],
    accepted |-> 1 ],
  [ type |-> "recovery-response",
    from |-> n1,
    to |-> n2,
    nonce |-> 1,
    slot |-> 0,
    entry |-> [era |-> 0, kind |-> "genesis", value |-> "genesis-value"],
    committed |-> 1,
    view |-> [era |-> 0, idx |-> 0],
    priorView |-> [era |-> 0, idx |-> 0],
    routeEra |-> 0,
    history |-> <<>>,
    retained |-> [era |-> 0, idx |-> 0],
    accepted |-> 1 ],
  [ type |-> "recovery-response",
    from |-> n2,
    to |-> n1,
    nonce |-> 1,
    slot |-> 0,
    entry |-> [era |-> 0, kind |-> "genesis", value |-> "genesis-value"],
    committed |-> 1,
    view |-> [era |-> 0, idx |-> 0],
    priorView |-> [era |-> 0, idx |-> 0],
    routeEra |-> 0,
    history |-> <<>>,
    retained |-> [era |-> 0, idx |-> 0],
    accepted |-> 1 ] }

State 17: <TraceNext line 74, col 14 to line 78, col 75 of module DelayedFence>
/\ retainedView = ( n0 :> [era |-> 0, idx |-> 0] @@
  n1 :> [era |-> 0, idx |-> 0] @@
  n2 :> [era |-> 0, idx |-> 0] )
/\ overlapStreamed = FALSE
/\ everEnteredViewChange = TRUE
/\ recoveryNonces = (n0 :> {} @@ n1 :> {} @@ n2 :> {1})
/\ logs = ( n0 :> <<[era |-> 0, kind |-> "genesis", value |-> "genesis-value"]>> @@
  n1 :> <<[era |-> 0, kind |-> "genesis", value |-> "genesis-value"]>> @@
  n2 :> <<[era |-> 0, kind |-> "genesis", value |-> "genesis-value"]>> )
/\ historicalCommitted = { [ slot |-> 1,
    entry |-> [era |-> 0, kind |-> "genesis", value |-> "genesis-value"] ] }
/\ recoveryEvidence = { [ type |-> "recovery-response",
    from |-> n0,
    to |-> n2,
    nonce |-> 1,
    slot |-> 0,
    entry |-> [era |-> 0, kind |-> "genesis", value |-> "genesis-value"],
    committed |-> 1,
    view |-> [era |-> 0, idx |-> 0],
    priorView |-> [era |-> 0, idx |-> 0],
    routeEra |-> 0,
    history |-> <<[era |-> 0, kind |-> "genesis", value |-> "genesis-value"]>>,
    retained |-> [era |-> 0, idx |-> 0],
    accepted |-> 1 ],
  [ type |-> "recovery-response",
    from |-> n1,
    to |-> n2,
    nonce |-> 1,
    slot |-> 0,
    entry |-> [era |-> 0, kind |-> "genesis", value |-> "genesis-value"],
    committed |-> 1,
    view |-> [era |-> 0, idx |-> 0],
    priorView |-> [era |-> 0, idx |-> 0],
    routeEra |-> 0,
    history |-> <<>>,
    retained |-> [era |-> 0, idx |-> 0],
    accepted |-> 1 ] }
/\ castOccurred = FALSE
/\ epochs = (n0 :> 0 @@ n1 :> 1 @@ n2 :> 1)
/\ pc = 16
/\ currentView = ( n0 :> [era |-> 0, idx |-> 0] @@
  n1 :> [era |-> 0, idx |-> 0] @@
  n2 :> [era |-> 0, idx |-> 0] )
/\ committed = (n0 :> 1 @@ n1 :> 1 @@ n2 :> 1)
/\ status = (n0 :> "normal" @@ n1 :> "normal" @@ n2 :> "recovering")
/\ messages = { [ type |-> "start-view-change",
    from |-> n1,
    to |-> n0,
    nonce |-> 0,
    slot |-> 0,
    entry |-> [era |-> 0, kind |-> "genesis", value |-> "genesis-value"],
    committed |-> 0,
    view |-> [era |-> 0, idx |-> 1],
    priorView |-> [era |-> 0, idx |-> 1],
    routeEra |-> 0,
    history |-> <<>>,
    retained |-> [era |-> 0, idx |-> 1],
    accepted |-> 0 ],
  [ type |-> "start-view-change",
    from |-> n1,
    to |-> n1,
    nonce |-> 0,
    slot |-> 0,
    entry |-> [era |-> 0, kind |-> "genesis", value |-> "genesis-value"],
    committed |-> 0,
    view |-> [era |-> 0, idx |-> 1],
    priorView |-> [era |-> 0, idx |-> 1],
    routeEra |-> 0,
    history |-> <<>>,
    retained |-> [era |-> 0, idx |-> 1],
    accepted |-> 0 ],
  [ type |-> "start-view-change",
    from |-> n1,
    to |-> n2,
    nonce |-> 0,
    slot |-> 0,
    entry |-> [era |-> 0, kind |-> "genesis", value |-> "genesis-value"],
    committed |-> 0,
    view |-> [era |-> 0, idx |-> 1],
    priorView |-> [era |-> 0, idx |-> 1],
    routeEra |-> 0,
    history |-> <<>>,
    retained |-> [era |-> 0, idx |-> 1],
    accepted |-> 0 ],
  [ type |-> "start-view-change",
    from |-> n2,
    to |-> n0,
    nonce |-> 0,
    slot |-> 0,
    entry |-> [era |-> 0, kind |-> "genesis", value |-> "genesis-value"],
    committed |-> 0,
    view |-> [era |-> 0, idx |-> 1],
    priorView |-> [era |-> 0, idx |-> 1],
    routeEra |-> 0,
    history |-> <<>>,
    retained |-> [era |-> 0, idx |-> 1],
    accepted |-> 0 ],
  [ type |-> "start-view-change",
    from |-> n2,
    to |-> n1,
    nonce |-> 0,
    slot |-> 0,
    entry |-> [era |-> 0, kind |-> "genesis", value |-> "genesis-value"],
    committed |-> 0,
    view |-> [era |-> 0, idx |-> 1],
    priorView |-> [era |-> 0, idx |-> 1],
    routeEra |-> 0,
    history |-> <<>>,
    retained |-> [era |-> 0, idx |-> 1],
    accepted |-> 0 ],
  [ type |-> "start-view-change",
    from |-> n2,
    to |-> n2,
    nonce |-> 0,
    slot |-> 0,
    entry |-> [era |-> 0, kind |-> "genesis", value |-> "genesis-value"],
    committed |-> 0,
    view |-> [era |-> 0, idx |-> 1],
    priorView |-> [era |-> 0, idx |-> 1],
    routeEra |-> 0,
    history |-> <<>>,
    retained |-> [era |-> 0, idx |-> 1],
    accepted |-> 0 ],
  [ type |-> "do-view-change",
    from |-> n2,
    to |-> n1,
    nonce |-> 0,
    slot |-> 1,
    entry |-> [era |-> 0, kind |-> "genesis", value |-> "genesis-value"],
    committed |-> 1,
    view |-> [era |-> 0, idx |-> 1],
    priorView |-> [era |-> 0, idx |-> 1],
    routeEra |-> 0,
    history |-> <<[era |-> 0, kind |-> "genesis", value |-> "genesis-value"]>>,
    retained |-> [era |-> 0, idx |-> 0],
    accepted |-> 1 ],
  [ type |-> "recovery",
    from |-> n1,
    to |-> n0,
    nonce |-> 1,
    slot |-> 0,
    entry |-> [era |-> 0, kind |-> "genesis", value |-> "genesis-value"],
    committed |-> 0,
    view |-> [era |-> 0, idx |-> 0],
    priorView |-> [era |-> 0, idx |-> 0],
    routeEra |-> 0,
    history |-> <<>>,
    retained |-> [era |-> 0, idx |-> 0],
    accepted |-> 0 ],
  [ type |-> "recovery",
    from |-> n1,
    to |-> n2,
    nonce |-> 1,
    slot |-> 0,
    entry |-> [era |-> 0, kind |-> "genesis", value |-> "genesis-value"],
    committed |-> 0,
    view |-> [era |-> 0, idx |-> 0],
    priorView |-> [era |-> 0, idx |-> 0],
    routeEra |-> 0,
    history |-> <<>>,
    retained |-> [era |-> 0, idx |-> 0],
    accepted |-> 0 ],
  [ type |-> "recovery",
    from |-> n2,
    to |-> n0,
    nonce |-> 1,
    slot |-> 0,
    entry |-> [era |-> 0, kind |-> "genesis", value |-> "genesis-value"],
    committed |-> 0,
    view |-> [era |-> 0, idx |-> 0],
    priorView |-> [era |-> 0, idx |-> 0],
    routeEra |-> 0,
    history |-> <<>>,
    retained |-> [era |-> 0, idx |-> 0],
    accepted |-> 0 ],
  [ type |-> "recovery",
    from |-> n2,
    to |-> n1,
    nonce |-> 1,
    slot |-> 0,
    entry |-> [era |-> 0, kind |-> "genesis", value |-> "genesis-value"],
    committed |-> 0,
    view |-> [era |-> 0, idx |-> 0],
    priorView |-> [era |-> 0, idx |-> 0],
    routeEra |-> 0,
    history |-> <<>>,
    retained |-> [era |-> 0, idx |-> 0],
    accepted |-> 0 ],
  [ type |-> "recovery-response",
    from |-> n0,
    to |-> n1,
    nonce |-> 1,
    slot |-> 0,
    entry |-> [era |-> 0, kind |-> "genesis", value |-> "genesis-value"],
    committed |-> 1,
    view |-> [era |-> 0, idx |-> 0],
    priorView |-> [era |-> 0, idx |-> 0],
    routeEra |-> 0,
    history |-> <<[era |-> 0, kind |-> "genesis", value |-> "genesis-value"]>>,
    retained |-> [era |-> 0, idx |-> 0],
    accepted |-> 1 ],
  [ type |-> "recovery-response",
    from |-> n0,
    to |-> n2,
    nonce |-> 1,
    slot |-> 0,
    entry |-> [era |-> 0, kind |-> "genesis", value |-> "genesis-value"],
    committed |-> 1,
    view |-> [era |-> 0, idx |-> 0],
    priorView |-> [era |-> 0, idx |-> 0],
    routeEra |-> 0,
    history |-> <<[era |-> 0, kind |-> "genesis", value |-> "genesis-value"]>>,
    retained |-> [era |-> 0, idx |-> 0],
    accepted |-> 1 ],
  [ type |-> "recovery-response",
    from |-> n1,
    to |-> n2,
    nonce |-> 1,
    slot |-> 0,
    entry |-> [era |-> 0, kind |-> "genesis", value |-> "genesis-value"],
    committed |-> 1,
    view |-> [era |-> 0, idx |-> 0],
    priorView |-> [era |-> 0, idx |-> 0],
    routeEra |-> 0,
    history |-> <<>>,
    retained |-> [era |-> 0, idx |-> 0],
    accepted |-> 1 ],
  [ type |-> "recovery-response",
    from |-> n2,
    to |-> n1,
    nonce |-> 1,
    slot |-> 0,
    entry |-> [era |-> 0, kind |-> "genesis", value |-> "genesis-value"],
    committed |-> 1,
    view |-> [era |-> 0, idx |-> 0],
    priorView |-> [era |-> 0, idx |-> 0],
    routeEra |-> 0,
    history |-> <<>>,
    retained |-> [era |-> 0, idx |-> 0],
    accepted |-> 1 ] }

State 18: <TraceNext line 74, col 14 to line 78, col 75 of module DelayedFence>
/\ retainedView = ( n0 :> [era |-> 0, idx |-> 0] @@
  n1 :> [era |-> 0, idx |-> 0] @@
  n2 :> [era |-> 0, idx |-> 0] )
/\ overlapStreamed = FALSE
/\ everEnteredViewChange = TRUE
/\ recoveryNonces = (n0 :> {} @@ n1 :> {} @@ n2 :> {})
/\ logs = ( n0 :> <<[era |-> 0, kind |-> "genesis", value |-> "genesis-value"]>> @@
  n1 :> <<[era |-> 0, kind |-> "genesis", value |-> "genesis-value"]>> @@
  n2 :> <<[era |-> 0, kind |-> "genesis", value |-> "genesis-value"]>> )
/\ historicalCommitted = { [ slot |-> 1,
    entry |-> [era |-> 0, kind |-> "genesis", value |-> "genesis-value"] ] }
/\ recoveryEvidence = {}
/\ castOccurred = FALSE
/\ epochs = (n0 :> 0 @@ n1 :> 1 @@ n2 :> 1)
/\ pc = 17
/\ currentView = ( n0 :> [era |-> 0, idx |-> 0] @@
  n1 :> [era |-> 0, idx |-> 0] @@
  n2 :> [era |-> 0, idx |-> 0] )
/\ committed = (n0 :> 1 @@ n1 :> 1 @@ n2 :> 1)
/\ status = (n0 :> "normal" @@ n1 :> "normal" @@ n2 :> "normal")
/\ messages = { [ type |-> "start-view-change",
    from |-> n1,
    to |-> n0,
    nonce |-> 0,
    slot |-> 0,
    entry |-> [era |-> 0, kind |-> "genesis", value |-> "genesis-value"],
    committed |-> 0,
    view |-> [era |-> 0, idx |-> 1],
    priorView |-> [era |-> 0, idx |-> 1],
    routeEra |-> 0,
    history |-> <<>>,
    retained |-> [era |-> 0, idx |-> 1],
    accepted |-> 0 ],
  [ type |-> "start-view-change",
    from |-> n1,
    to |-> n1,
    nonce |-> 0,
    slot |-> 0,
    entry |-> [era |-> 0, kind |-> "genesis", value |-> "genesis-value"],
    committed |-> 0,
    view |-> [era |-> 0, idx |-> 1],
    priorView |-> [era |-> 0, idx |-> 1],
    routeEra |-> 0,
    history |-> <<>>,
    retained |-> [era |-> 0, idx |-> 1],
    accepted |-> 0 ],
  [ type |-> "start-view-change",
    from |-> n1,
    to |-> n2,
    nonce |-> 0,
    slot |-> 0,
    entry |-> [era |-> 0, kind |-> "genesis", value |-> "genesis-value"],
    committed |-> 0,
    view |-> [era |-> 0, idx |-> 1],
    priorView |-> [era |-> 0, idx |-> 1],
    routeEra |-> 0,
    history |-> <<>>,
    retained |-> [era |-> 0, idx |-> 1],
    accepted |-> 0 ],
  [ type |-> "start-view-change",
    from |-> n2,
    to |-> n0,
    nonce |-> 0,
    slot |-> 0,
    entry |-> [era |-> 0, kind |-> "genesis", value |-> "genesis-value"],
    committed |-> 0,
    view |-> [era |-> 0, idx |-> 1],
    priorView |-> [era |-> 0, idx |-> 1],
    routeEra |-> 0,
    history |-> <<>>,
    retained |-> [era |-> 0, idx |-> 1],
    accepted |-> 0 ],
  [ type |-> "start-view-change",
    from |-> n2,
    to |-> n1,
    nonce |-> 0,
    slot |-> 0,
    entry |-> [era |-> 0, kind |-> "genesis", value |-> "genesis-value"],
    committed |-> 0,
    view |-> [era |-> 0, idx |-> 1],
    priorView |-> [era |-> 0, idx |-> 1],
    routeEra |-> 0,
    history |-> <<>>,
    retained |-> [era |-> 0, idx |-> 1],
    accepted |-> 0 ],
  [ type |-> "start-view-change",
    from |-> n2,
    to |-> n2,
    nonce |-> 0,
    slot |-> 0,
    entry |-> [era |-> 0, kind |-> "genesis", value |-> "genesis-value"],
    committed |-> 0,
    view |-> [era |-> 0, idx |-> 1],
    priorView |-> [era |-> 0, idx |-> 1],
    routeEra |-> 0,
    history |-> <<>>,
    retained |-> [era |-> 0, idx |-> 1],
    accepted |-> 0 ],
  [ type |-> "do-view-change",
    from |-> n2,
    to |-> n1,
    nonce |-> 0,
    slot |-> 1,
    entry |-> [era |-> 0, kind |-> "genesis", value |-> "genesis-value"],
    committed |-> 1,
    view |-> [era |-> 0, idx |-> 1],
    priorView |-> [era |-> 0, idx |-> 1],
    routeEra |-> 0,
    history |-> <<[era |-> 0, kind |-> "genesis", value |-> "genesis-value"]>>,
    retained |-> [era |-> 0, idx |-> 0],
    accepted |-> 1 ],
  [ type |-> "recovery",
    from |-> n1,
    to |-> n0,
    nonce |-> 1,
    slot |-> 0,
    entry |-> [era |-> 0, kind |-> "genesis", value |-> "genesis-value"],
    committed |-> 0,
    view |-> [era |-> 0, idx |-> 0],
    priorView |-> [era |-> 0, idx |-> 0],
    routeEra |-> 0,
    history |-> <<>>,
    retained |-> [era |-> 0, idx |-> 0],
    accepted |-> 0 ],
  [ type |-> "recovery",
    from |-> n1,
    to |-> n2,
    nonce |-> 1,
    slot |-> 0,
    entry |-> [era |-> 0, kind |-> "genesis", value |-> "genesis-value"],
    committed |-> 0,
    view |-> [era |-> 0, idx |-> 0],
    priorView |-> [era |-> 0, idx |-> 0],
    routeEra |-> 0,
    history |-> <<>>,
    retained |-> [era |-> 0, idx |-> 0],
    accepted |-> 0 ],
  [ type |-> "recovery",
    from |-> n2,
    to |-> n0,
    nonce |-> 1,
    slot |-> 0,
    entry |-> [era |-> 0, kind |-> "genesis", value |-> "genesis-value"],
    committed |-> 0,
    view |-> [era |-> 0, idx |-> 0],
    priorView |-> [era |-> 0, idx |-> 0],
    routeEra |-> 0,
    history |-> <<>>,
    retained |-> [era |-> 0, idx |-> 0],
    accepted |-> 0 ],
  [ type |-> "recovery",
    from |-> n2,
    to |-> n1,
    nonce |-> 1,
    slot |-> 0,
    entry |-> [era |-> 0, kind |-> "genesis", value |-> "genesis-value"],
    committed |-> 0,
    view |-> [era |-> 0, idx |-> 0],
    priorView |-> [era |-> 0, idx |-> 0],
    routeEra |-> 0,
    history |-> <<>>,
    retained |-> [era |-> 0, idx |-> 0],
    accepted |-> 0 ],
  [ type |-> "recovery-response",
    from |-> n0,
    to |-> n1,
    nonce |-> 1,
    slot |-> 0,
    entry |-> [era |-> 0, kind |-> "genesis", value |-> "genesis-value"],
    committed |-> 1,
    view |-> [era |-> 0, idx |-> 0],
    priorView |-> [era |-> 0, idx |-> 0],
    routeEra |-> 0,
    history |-> <<[era |-> 0, kind |-> "genesis", value |-> "genesis-value"]>>,
    retained |-> [era |-> 0, idx |-> 0],
    accepted |-> 1 ],
  [ type |-> "recovery-response",
    from |-> n0,
    to |-> n2,
    nonce |-> 1,
    slot |-> 0,
    entry |-> [era |-> 0, kind |-> "genesis", value |-> "genesis-value"],
    committed |-> 1,
    view |-> [era |-> 0, idx |-> 0],
    priorView |-> [era |-> 0, idx |-> 0],
    routeEra |-> 0,
    history |-> <<[era |-> 0, kind |-> "genesis", value |-> "genesis-value"]>>,
    retained |-> [era |-> 0, idx |-> 0],
    accepted |-> 1 ],
  [ type |-> "recovery-response",
    from |-> n1,
    to |-> n2,
    nonce |-> 1,
    slot |-> 0,
    entry |-> [era |-> 0, kind |-> "genesis", value |-> "genesis-value"],
    committed |-> 1,
    view |-> [era |-> 0, idx |-> 0],
    priorView |-> [era |-> 0, idx |-> 0],
    routeEra |-> 0,
    history |-> <<>>,
    retained |-> [era |-> 0, idx |-> 0],
    accepted |-> 1 ],
  [ type |-> "recovery-response",
    from |-> n2,
    to |-> n1,
    nonce |-> 1,
    slot |-> 0,
    entry |-> [era |-> 0, kind |-> "genesis", value |-> "genesis-value"],
    committed |-> 1,
    view |-> [era |-> 0, idx |-> 0],
    priorView |-> [era |-> 0, idx |-> 0],
    routeEra |-> 0,
    history |-> <<>>,
    retained |-> [era |-> 0, idx |-> 0],
    accepted |-> 1 ] }

State 19: <TraceNext line 74, col 14 to line 78, col 75 of module DelayedFence>
/\ retainedView = ( n0 :> [era |-> 0, idx |-> 0] @@
  n1 :> [era |-> 0, idx |-> 0] @@
  n2 :> [era |-> 0, idx |-> 0] )
/\ overlapStreamed = FALSE
/\ everEnteredViewChange = TRUE
/\ recoveryNonces = (n0 :> {} @@ n1 :> {} @@ n2 :> {})
/\ logs = ( n0 :>
      << [era |-> 0, kind |-> "genesis", value |-> "genesis-value"],
         [era |-> 0, kind |-> "command", value |-> "x"] >> @@
  n1 :> <<[era |-> 0, kind |-> "genesis", value |-> "genesis-value"]>> @@
  n2 :> <<[era |-> 0, kind |-> "genesis", value |-> "genesis-value"]>> )
/\ historicalCommitted = { [ slot |-> 1,
    entry |-> [era |-> 0, kind |-> "genesis", value |-> "genesis-value"] ] }
/\ recoveryEvidence = {}
/\ castOccurred = FALSE
/\ epochs = (n0 :> 0 @@ n1 :> 1 @@ n2 :> 1)
/\ pc = 18
/\ currentView = ( n0 :> [era |-> 0, idx |-> 0] @@
  n1 :> [era |-> 0, idx |-> 0] @@
  n2 :> [era |-> 0, idx |-> 0] )
/\ committed = (n0 :> 1 @@ n1 :> 1 @@ n2 :> 1)
/\ status = (n0 :> "normal" @@ n1 :> "normal" @@ n2 :> "normal")
/\ messages = { [ type |-> "prepare",
    from |-> n0,
    to |-> n1,
    nonce |-> 0,
    slot |-> 2,
    entry |-> [era |-> 0, kind |-> "command", value |-> "x"],
    committed |-> 1,
    view |-> [era |-> 0, idx |-> 0],
    priorView |-> [era |-> 0, idx |-> 0],
    routeEra |-> 0,
    history |-> <<>>,
    retained |-> [era |-> 0, idx |-> 0],
    accepted |-> 0 ],
  [ type |-> "prepare",
    from |-> n0,
    to |-> n2,
    nonce |-> 0,
    slot |-> 2,
    entry |-> [era |-> 0, kind |-> "command", value |-> "x"],
    committed |-> 1,
    view |-> [era |-> 0, idx |-> 0],
    priorView |-> [era |-> 0, idx |-> 0],
    routeEra |-> 0,
    history |-> <<>>,
    retained |-> [era |-> 0, idx |-> 0],
    accepted |-> 0 ],
  [ type |-> "start-view-change",
    from |-> n1,
    to |-> n0,
    nonce |-> 0,
    slot |-> 0,
    entry |-> [era |-> 0, kind |-> "genesis", value |-> "genesis-value"],
    committed |-> 0,
    view |-> [era |-> 0, idx |-> 1],
    priorView |-> [era |-> 0, idx |-> 1],
    routeEra |-> 0,
    history |-> <<>>,
    retained |-> [era |-> 0, idx |-> 1],
    accepted |-> 0 ],
  [ type |-> "start-view-change",
    from |-> n1,
    to |-> n1,
    nonce |-> 0,
    slot |-> 0,
    entry |-> [era |-> 0, kind |-> "genesis", value |-> "genesis-value"],
    committed |-> 0,
    view |-> [era |-> 0, idx |-> 1],
    priorView |-> [era |-> 0, idx |-> 1],
    routeEra |-> 0,
    history |-> <<>>,
    retained |-> [era |-> 0, idx |-> 1],
    accepted |-> 0 ],
  [ type |-> "start-view-change",
    from |-> n1,
    to |-> n2,
    nonce |-> 0,
    slot |-> 0,
    entry |-> [era |-> 0, kind |-> "genesis", value |-> "genesis-value"],
    committed |-> 0,
    view |-> [era |-> 0, idx |-> 1],
    priorView |-> [era |-> 0, idx |-> 1],
    routeEra |-> 0,
    history |-> <<>>,
    retained |-> [era |-> 0, idx |-> 1],
    accepted |-> 0 ],
  [ type |-> "start-view-change",
    from |-> n2,
    to |-> n0,
    nonce |-> 0,
    slot |-> 0,
    entry |-> [era |-> 0, kind |-> "genesis", value |-> "genesis-value"],
    committed |-> 0,
    view |-> [era |-> 0, idx |-> 1],
    priorView |-> [era |-> 0, idx |-> 1],
    routeEra |-> 0,
    history |-> <<>>,
    retained |-> [era |-> 0, idx |-> 1],
    accepted |-> 0 ],
  [ type |-> "start-view-change",
    from |-> n2,
    to |-> n1,
    nonce |-> 0,
    slot |-> 0,
    entry |-> [era |-> 0, kind |-> "genesis", value |-> "genesis-value"],
    committed |-> 0,
    view |-> [era |-> 0, idx |-> 1],
    priorView |-> [era |-> 0, idx |-> 1],
    routeEra |-> 0,
    history |-> <<>>,
    retained |-> [era |-> 0, idx |-> 1],
    accepted |-> 0 ],
  [ type |-> "start-view-change",
    from |-> n2,
    to |-> n2,
    nonce |-> 0,
    slot |-> 0,
    entry |-> [era |-> 0, kind |-> "genesis", value |-> "genesis-value"],
    committed |-> 0,
    view |-> [era |-> 0, idx |-> 1],
    priorView |-> [era |-> 0, idx |-> 1],
    routeEra |-> 0,
    history |-> <<>>,
    retained |-> [era |-> 0, idx |-> 1],
    accepted |-> 0 ],
  [ type |-> "do-view-change",
    from |-> n2,
    to |-> n1,
    nonce |-> 0,
    slot |-> 1,
    entry |-> [era |-> 0, kind |-> "genesis", value |-> "genesis-value"],
    committed |-> 1,
    view |-> [era |-> 0, idx |-> 1],
    priorView |-> [era |-> 0, idx |-> 1],
    routeEra |-> 0,
    history |-> <<[era |-> 0, kind |-> "genesis", value |-> "genesis-value"]>>,
    retained |-> [era |-> 0, idx |-> 0],
    accepted |-> 1 ],
  [ type |-> "recovery",
    from |-> n1,
    to |-> n0,
    nonce |-> 1,
    slot |-> 0,
    entry |-> [era |-> 0, kind |-> "genesis", value |-> "genesis-value"],
    committed |-> 0,
    view |-> [era |-> 0, idx |-> 0],
    priorView |-> [era |-> 0, idx |-> 0],
    routeEra |-> 0,
    history |-> <<>>,
    retained |-> [era |-> 0, idx |-> 0],
    accepted |-> 0 ],
  [ type |-> "recovery",
    from |-> n1,
    to |-> n2,
    nonce |-> 1,
    slot |-> 0,
    entry |-> [era |-> 0, kind |-> "genesis", value |-> "genesis-value"],
    committed |-> 0,
    view |-> [era |-> 0, idx |-> 0],
    priorView |-> [era |-> 0, idx |-> 0],
    routeEra |-> 0,
    history |-> <<>>,
    retained |-> [era |-> 0, idx |-> 0],
    accepted |-> 0 ],
  [ type |-> "recovery",
    from |-> n2,
    to |-> n0,
    nonce |-> 1,
    slot |-> 0,
    entry |-> [era |-> 0, kind |-> "genesis", value |-> "genesis-value"],
    committed |-> 0,
    view |-> [era |-> 0, idx |-> 0],
    priorView |-> [era |-> 0, idx |-> 0],
    routeEra |-> 0,
    history |-> <<>>,
    retained |-> [era |-> 0, idx |-> 0],
    accepted |-> 0 ],
  [ type |-> "recovery",
    from |-> n2,
    to |-> n1,
    nonce |-> 1,
    slot |-> 0,
    entry |-> [era |-> 0, kind |-> "genesis", value |-> "genesis-value"],
    committed |-> 0,
    view |-> [era |-> 0, idx |-> 0],
    priorView |-> [era |-> 0, idx |-> 0],
    routeEra |-> 0,
    history |-> <<>>,
    retained |-> [era |-> 0, idx |-> 0],
    accepted |-> 0 ],
  [ type |-> "recovery-response",
    from |-> n0,
    to |-> n1,
    nonce |-> 1,
    slot |-> 0,
    entry |-> [era |-> 0, kind |-> "genesis", value |-> "genesis-value"],
    committed |-> 1,
    view |-> [era |-> 0, idx |-> 0],
    priorView |-> [era |-> 0, idx |-> 0],
    routeEra |-> 0,
    history |-> <<[era |-> 0, kind |-> "genesis", value |-> "genesis-value"]>>,
    retained |-> [era |-> 0, idx |-> 0],
    accepted |-> 1 ],
  [ type |-> "recovery-response",
    from |-> n0,
    to |-> n2,
    nonce |-> 1,
    slot |-> 0,
    entry |-> [era |-> 0, kind |-> "genesis", value |-> "genesis-value"],
    committed |-> 1,
    view |-> [era |-> 0, idx |-> 0],
    priorView |-> [era |-> 0, idx |-> 0],
    routeEra |-> 0,
    history |-> <<[era |-> 0, kind |-> "genesis", value |-> "genesis-value"]>>,
    retained |-> [era |-> 0, idx |-> 0],
    accepted |-> 1 ],
  [ type |-> "recovery-response",
    from |-> n1,
    to |-> n2,
    nonce |-> 1,
    slot |-> 0,
    entry |-> [era |-> 0, kind |-> "genesis", value |-> "genesis-value"],
    committed |-> 1,
    view |-> [era |-> 0, idx |-> 0],
    priorView |-> [era |-> 0, idx |-> 0],
    routeEra |-> 0,
    history |-> <<>>,
    retained |-> [era |-> 0, idx |-> 0],
    accepted |-> 1 ],
  [ type |-> "recovery-response",
    from |-> n2,
    to |-> n1,
    nonce |-> 1,
    slot |-> 0,
    entry |-> [era |-> 0, kind |-> "genesis", value |-> "genesis-value"],
    committed |-> 1,
    view |-> [era |-> 0, idx |-> 0],
    priorView |-> [era |-> 0, idx |-> 0],
    routeEra |-> 0,
    history |-> <<>>,
    retained |-> [era |-> 0, idx |-> 0],
    accepted |-> 1 ] }

State 20: <TraceNext line 74, col 14 to line 78, col 75 of module DelayedFence>
/\ retainedView = ( n0 :> [era |-> 0, idx |-> 0] @@
  n1 :> [era |-> 0, idx |-> 0] @@
  n2 :> [era |-> 0, idx |-> 0] )
/\ overlapStreamed = FALSE
/\ everEnteredViewChange = TRUE
/\ recoveryNonces = (n0 :> {} @@ n1 :> {} @@ n2 :> {})
/\ logs = ( n0 :>
      << [era |-> 0, kind |-> "genesis", value |-> "genesis-value"],
         [era |-> 0, kind |-> "command", value |-> "x"] >> @@
  n1 :> <<[era |-> 0, kind |-> "genesis", value |-> "genesis-value"]>> @@
  n2 :>
      << [era |-> 0, kind |-> "genesis", value |-> "genesis-value"],
         [era |-> 0, kind |-> "command", value |-> "x"] >> )
/\ historicalCommitted = { [ slot |-> 1,
    entry |-> [era |-> 0, kind |-> "genesis", value |-> "genesis-value"] ] }
/\ recoveryEvidence = {}
/\ castOccurred = FALSE
/\ epochs = (n0 :> 0 @@ n1 :> 1 @@ n2 :> 1)
/\ pc = 19
/\ currentView = ( n0 :> [era |-> 0, idx |-> 0] @@
  n1 :> [era |-> 0, idx |-> 0] @@
  n2 :> [era |-> 0, idx |-> 0] )
/\ committed = (n0 :> 1 @@ n1 :> 1 @@ n2 :> 1)
/\ status = (n0 :> "normal" @@ n1 :> "normal" @@ n2 :> "normal")
/\ messages = { [ type |-> "prepare",
    from |-> n0,
    to |-> n1,
    nonce |-> 0,
    slot |-> 2,
    entry |-> [era |-> 0, kind |-> "command", value |-> "x"],
    committed |-> 1,
    view |-> [era |-> 0, idx |-> 0],
    priorView |-> [era |-> 0, idx |-> 0],
    routeEra |-> 0,
    history |-> <<>>,
    retained |-> [era |-> 0, idx |-> 0],
    accepted |-> 0 ],
  [ type |-> "prepare",
    from |-> n0,
    to |-> n2,
    nonce |-> 0,
    slot |-> 2,
    entry |-> [era |-> 0, kind |-> "command", value |-> "x"],
    committed |-> 1,
    view |-> [era |-> 0, idx |-> 0],
    priorView |-> [era |-> 0, idx |-> 0],
    routeEra |-> 0,
    history |-> <<>>,
    retained |-> [era |-> 0, idx |-> 0],
    accepted |-> 0 ],
  [ type |-> "prepare-ok",
    from |-> n2,
    to |-> n0,
    nonce |-> 0,
    slot |-> 2,
    entry |-> [era |-> 0, kind |-> "genesis", value |-> "genesis-value"],
    committed |-> 0,
    view |-> [era |-> 0, idx |-> 0],
    priorView |-> [era |-> 0, idx |-> 0],
    routeEra |-> 0,
    history |-> <<>>,
    retained |-> [era |-> 0, idx |-> 0],
    accepted |-> 0 ],
  [ type |-> "start-view-change",
    from |-> n1,
    to |-> n0,
    nonce |-> 0,
    slot |-> 0,
    entry |-> [era |-> 0, kind |-> "genesis", value |-> "genesis-value"],
    committed |-> 0,
    view |-> [era |-> 0, idx |-> 1],
    priorView |-> [era |-> 0, idx |-> 1],
    routeEra |-> 0,
    history |-> <<>>,
    retained |-> [era |-> 0, idx |-> 1],
    accepted |-> 0 ],
  [ type |-> "start-view-change",
    from |-> n1,
    to |-> n1,
    nonce |-> 0,
    slot |-> 0,
    entry |-> [era |-> 0, kind |-> "genesis", value |-> "genesis-value"],
    committed |-> 0,
    view |-> [era |-> 0, idx |-> 1],
    priorView |-> [era |-> 0, idx |-> 1],
    routeEra |-> 0,
    history |-> <<>>,
    retained |-> [era |-> 0, idx |-> 1],
    accepted |-> 0 ],
  [ type |-> "start-view-change",
    from |-> n1,
    to |-> n2,
    nonce |-> 0,
    slot |-> 0,
    entry |-> [era |-> 0, kind |-> "genesis", value |-> "genesis-value"],
    committed |-> 0,
    view |-> [era |-> 0, idx |-> 1],
    priorView |-> [era |-> 0, idx |-> 1],
    routeEra |-> 0,
    history |-> <<>>,
    retained |-> [era |-> 0, idx |-> 1],
    accepted |-> 0 ],
  [ type |-> "start-view-change",
    from |-> n2,
    to |-> n0,
    nonce |-> 0,
    slot |-> 0,
    entry |-> [era |-> 0, kind |-> "genesis", value |-> "genesis-value"],
    committed |-> 0,
    view |-> [era |-> 0, idx |-> 1],
    priorView |-> [era |-> 0, idx |-> 1],
    routeEra |-> 0,
    history |-> <<>>,
    retained |-> [era |-> 0, idx |-> 1],
    accepted |-> 0 ],
  [ type |-> "start-view-change",
    from |-> n2,
    to |-> n1,
    nonce |-> 0,
    slot |-> 0,
    entry |-> [era |-> 0, kind |-> "genesis", value |-> "genesis-value"],
    committed |-> 0,
    view |-> [era |-> 0, idx |-> 1],
    priorView |-> [era |-> 0, idx |-> 1],
    routeEra |-> 0,
    history |-> <<>>,
    retained |-> [era |-> 0, idx |-> 1],
    accepted |-> 0 ],
  [ type |-> "start-view-change",
    from |-> n2,
    to |-> n2,
    nonce |-> 0,
    slot |-> 0,
    entry |-> [era |-> 0, kind |-> "genesis", value |-> "genesis-value"],
    committed |-> 0,
    view |-> [era |-> 0, idx |-> 1],
    priorView |-> [era |-> 0, idx |-> 1],
    routeEra |-> 0,
    history |-> <<>>,
    retained |-> [era |-> 0, idx |-> 1],
    accepted |-> 0 ],
  [ type |-> "do-view-change",
    from |-> n2,
    to |-> n1,
    nonce |-> 0,
    slot |-> 1,
    entry |-> [era |-> 0, kind |-> "genesis", value |-> "genesis-value"],
    committed |-> 1,
    view |-> [era |-> 0, idx |-> 1],
    priorView |-> [era |-> 0, idx |-> 1],
    routeEra |-> 0,
    history |-> <<[era |-> 0, kind |-> "genesis", value |-> "genesis-value"]>>,
    retained |-> [era |-> 0, idx |-> 0],
    accepted |-> 1 ],
  [ type |-> "recovery",
    from |-> n1,
    to |-> n0,
    nonce |-> 1,
    slot |-> 0,
    entry |-> [era |-> 0, kind |-> "genesis", value |-> "genesis-value"],
    committed |-> 0,
    view |-> [era |-> 0, idx |-> 0],
    priorView |-> [era |-> 0, idx |-> 0],
    routeEra |-> 0,
    history |-> <<>>,
    retained |-> [era |-> 0, idx |-> 0],
    accepted |-> 0 ],
  [ type |-> "recovery",
    from |-> n1,
    to |-> n2,
    nonce |-> 1,
    slot |-> 0,
    entry |-> [era |-> 0, kind |-> "genesis", value |-> "genesis-value"],
    committed |-> 0,
    view |-> [era |-> 0, idx |-> 0],
    priorView |-> [era |-> 0, idx |-> 0],
    routeEra |-> 0,
    history |-> <<>>,
    retained |-> [era |-> 0, idx |-> 0],
    accepted |-> 0 ],
  [ type |-> "recovery",
    from |-> n2,
    to |-> n0,
    nonce |-> 1,
    slot |-> 0,
    entry |-> [era |-> 0, kind |-> "genesis", value |-> "genesis-value"],
    committed |-> 0,
    view |-> [era |-> 0, idx |-> 0],
    priorView |-> [era |-> 0, idx |-> 0],
    routeEra |-> 0,
    history |-> <<>>,
    retained |-> [era |-> 0, idx |-> 0],
    accepted |-> 0 ],
  [ type |-> "recovery",
    from |-> n2,
    to |-> n1,
    nonce |-> 1,
    slot |-> 0,
    entry |-> [era |-> 0, kind |-> "genesis", value |-> "genesis-value"],
    committed |-> 0,
    view |-> [era |-> 0, idx |-> 0],
    priorView |-> [era |-> 0, idx |-> 0],
    routeEra |-> 0,
    history |-> <<>>,
    retained |-> [era |-> 0, idx |-> 0],
    accepted |-> 0 ],
  [ type |-> "recovery-response",
    from |-> n0,
    to |-> n1,
    nonce |-> 1,
    slot |-> 0,
    entry |-> [era |-> 0, kind |-> "genesis", value |-> "genesis-value"],
    committed |-> 1,
    view |-> [era |-> 0, idx |-> 0],
    priorView |-> [era |-> 0, idx |-> 0],
    routeEra |-> 0,
    history |-> <<[era |-> 0, kind |-> "genesis", value |-> "genesis-value"]>>,
    retained |-> [era |-> 0, idx |-> 0],
    accepted |-> 1 ],
  [ type |-> "recovery-response",
    from |-> n0,
    to |-> n2,
    nonce |-> 1,
    slot |-> 0,
    entry |-> [era |-> 0, kind |-> "genesis", value |-> "genesis-value"],
    committed |-> 1,
    view |-> [era |-> 0, idx |-> 0],
    priorView |-> [era |-> 0, idx |-> 0],
    routeEra |-> 0,
    history |-> <<[era |-> 0, kind |-> "genesis", value |-> "genesis-value"]>>,
    retained |-> [era |-> 0, idx |-> 0],
    accepted |-> 1 ],
  [ type |-> "recovery-response",
    from |-> n1,
    to |-> n2,
    nonce |-> 1,
    slot |-> 0,
    entry |-> [era |-> 0, kind |-> "genesis", value |-> "genesis-value"],
    committed |-> 1,
    view |-> [era |-> 0, idx |-> 0],
    priorView |-> [era |-> 0, idx |-> 0],
    routeEra |-> 0,
    history |-> <<>>,
    retained |-> [era |-> 0, idx |-> 0],
    accepted |-> 1 ],
  [ type |-> "recovery-response",
    from |-> n2,
    to |-> n1,
    nonce |-> 1,
    slot |-> 0,
    entry |-> [era |-> 0, kind |-> "genesis", value |-> "genesis-value"],
    committed |-> 1,
    view |-> [era |-> 0, idx |-> 0],
    priorView |-> [era |-> 0, idx |-> 0],
    routeEra |-> 0,
    history |-> <<>>,
    retained |-> [era |-> 0, idx |-> 0],
    accepted |-> 1 ] }

State 21: <TraceNext line 74, col 14 to line 78, col 75 of module DelayedFence>
/\ retainedView = ( n0 :> [era |-> 0, idx |-> 0] @@
  n1 :> [era |-> 0, idx |-> 0] @@
  n2 :> [era |-> 0, idx |-> 0] )
/\ overlapStreamed = FALSE
/\ everEnteredViewChange = TRUE
/\ recoveryNonces = (n0 :> {} @@ n1 :> {} @@ n2 :> {})
/\ logs = ( n0 :>
      << [era |-> 0, kind |-> "genesis", value |-> "genesis-value"],
         [era |-> 0, kind |-> "command", value |-> "x"] >> @@
  n1 :> <<[era |-> 0, kind |-> "genesis", value |-> "genesis-value"]>> @@
  n2 :>
      << [era |-> 0, kind |-> "genesis", value |-> "genesis-value"],
         [era |-> 0, kind |-> "command", value |-> "x"] >> )
/\ historicalCommitted = { [ slot |-> 1,
    entry |-> [era |-> 0, kind |-> "genesis", value |-> "genesis-value"] ],
  [slot |-> 2, entry |-> [era |-> 0, kind |-> "command", value |-> "x"]] }
/\ recoveryEvidence = {}
/\ castOccurred = FALSE
/\ epochs = (n0 :> 0 @@ n1 :> 1 @@ n2 :> 1)
/\ pc = 20
/\ currentView = ( n0 :> [era |-> 0, idx |-> 0] @@
  n1 :> [era |-> 0, idx |-> 0] @@
  n2 :> [era |-> 0, idx |-> 0] )
/\ committed = (n0 :> 2 @@ n1 :> 1 @@ n2 :> 1)
/\ status = (n0 :> "normal" @@ n1 :> "normal" @@ n2 :> "normal")
/\ messages = { [ type |-> "prepare",
    from |-> n0,
    to |-> n1,
    nonce |-> 0,
    slot |-> 2,
    entry |-> [era |-> 0, kind |-> "command", value |-> "x"],
    committed |-> 1,
    view |-> [era |-> 0, idx |-> 0],
    priorView |-> [era |-> 0, idx |-> 0],
    routeEra |-> 0,
    history |-> <<>>,
    retained |-> [era |-> 0, idx |-> 0],
    accepted |-> 0 ],
  [ type |-> "prepare",
    from |-> n0,
    to |-> n2,
    nonce |-> 0,
    slot |-> 2,
    entry |-> [era |-> 0, kind |-> "command", value |-> "x"],
    committed |-> 1,
    view |-> [era |-> 0, idx |-> 0],
    priorView |-> [era |-> 0, idx |-> 0],
    routeEra |-> 0,
    history |-> <<>>,
    retained |-> [era |-> 0, idx |-> 0],
    accepted |-> 0 ],
  [ type |-> "prepare-ok",
    from |-> n2,
    to |-> n0,
    nonce |-> 0,
    slot |-> 2,
    entry |-> [era |-> 0, kind |-> "genesis", value |-> "genesis-value"],
    committed |-> 0,
    view |-> [era |-> 0, idx |-> 0],
    priorView |-> [era |-> 0, idx |-> 0],
    routeEra |-> 0,
    history |-> <<>>,
    retained |-> [era |-> 0, idx |-> 0],
    accepted |-> 0 ],
  [ type |-> "commit",
    from |-> n0,
    to |-> n1,
    nonce |-> 0,
    slot |-> 2,
    entry |-> [era |-> 0, kind |-> "genesis", value |-> "genesis-value"],
    committed |-> 2,
    view |-> [era |-> 0, idx |-> 0],
    priorView |-> [era |-> 0, idx |-> 0],
    routeEra |-> 0,
    history |-> <<>>,
    retained |-> [era |-> 0, idx |-> 0],
    accepted |-> 0 ],
  [ type |-> "commit",
    from |-> n0,
    to |-> n2,
    nonce |-> 0,
    slot |-> 2,
    entry |-> [era |-> 0, kind |-> "genesis", value |-> "genesis-value"],
    committed |-> 2,
    view |-> [era |-> 0, idx |-> 0],
    priorView |-> [era |-> 0, idx |-> 0],
    routeEra |-> 0,
    history |-> <<>>,
    retained |-> [era |-> 0, idx |-> 0],
    accepted |-> 0 ],
  [ type |-> "start-view-change",
    from |-> n1,
    to |-> n0,
    nonce |-> 0,
    slot |-> 0,
    entry |-> [era |-> 0, kind |-> "genesis", value |-> "genesis-value"],
    committed |-> 0,
    view |-> [era |-> 0, idx |-> 1],
    priorView |-> [era |-> 0, idx |-> 1],
    routeEra |-> 0,
    history |-> <<>>,
    retained |-> [era |-> 0, idx |-> 1],
    accepted |-> 0 ],
  [ type |-> "start-view-change",
    from |-> n1,
    to |-> n1,
    nonce |-> 0,
    slot |-> 0,
    entry |-> [era |-> 0, kind |-> "genesis", value |-> "genesis-value"],
    committed |-> 0,
    view |-> [era |-> 0, idx |-> 1],
    priorView |-> [era |-> 0, idx |-> 1],
    routeEra |-> 0,
    history |-> <<>>,
    retained |-> [era |-> 0, idx |-> 1],
    accepted |-> 0 ],
  [ type |-> "start-view-change",
    from |-> n1,
    to |-> n2,
    nonce |-> 0,
    slot |-> 0,
    entry |-> [era |-> 0, kind |-> "genesis", value |-> "genesis-value"],
    committed |-> 0,
    view |-> [era |-> 0, idx |-> 1],
    priorView |-> [era |-> 0, idx |-> 1],
    routeEra |-> 0,
    history |-> <<>>,
    retained |-> [era |-> 0, idx |-> 1],
    accepted |-> 0 ],
  [ type |-> "start-view-change",
    from |-> n2,
    to |-> n0,
    nonce |-> 0,
    slot |-> 0,
    entry |-> [era |-> 0, kind |-> "genesis", value |-> "genesis-value"],
    committed |-> 0,
    view |-> [era |-> 0, idx |-> 1],
    priorView |-> [era |-> 0, idx |-> 1],
    routeEra |-> 0,
    history |-> <<>>,
    retained |-> [era |-> 0, idx |-> 1],
    accepted |-> 0 ],
  [ type |-> "start-view-change",
    from |-> n2,
    to |-> n1,
    nonce |-> 0,
    slot |-> 0,
    entry |-> [era |-> 0, kind |-> "genesis", value |-> "genesis-value"],
    committed |-> 0,
    view |-> [era |-> 0, idx |-> 1],
    priorView |-> [era |-> 0, idx |-> 1],
    routeEra |-> 0,
    history |-> <<>>,
    retained |-> [era |-> 0, idx |-> 1],
    accepted |-> 0 ],
  [ type |-> "start-view-change",
    from |-> n2,
    to |-> n2,
    nonce |-> 0,
    slot |-> 0,
    entry |-> [era |-> 0, kind |-> "genesis", value |-> "genesis-value"],
    committed |-> 0,
    view |-> [era |-> 0, idx |-> 1],
    priorView |-> [era |-> 0, idx |-> 1],
    routeEra |-> 0,
    history |-> <<>>,
    retained |-> [era |-> 0, idx |-> 1],
    accepted |-> 0 ],
  [ type |-> "do-view-change",
    from |-> n2,
    to |-> n1,
    nonce |-> 0,
    slot |-> 1,
    entry |-> [era |-> 0, kind |-> "genesis", value |-> "genesis-value"],
    committed |-> 1,
    view |-> [era |-> 0, idx |-> 1],
    priorView |-> [era |-> 0, idx |-> 1],
    routeEra |-> 0,
    history |-> <<[era |-> 0, kind |-> "genesis", value |-> "genesis-value"]>>,
    retained |-> [era |-> 0, idx |-> 0],
    accepted |-> 1 ],
  [ type |-> "recovery",
    from |-> n1,
    to |-> n0,
    nonce |-> 1,
    slot |-> 0,
    entry |-> [era |-> 0, kind |-> "genesis", value |-> "genesis-value"],
    committed |-> 0,
    view |-> [era |-> 0, idx |-> 0],
    priorView |-> [era |-> 0, idx |-> 0],
    routeEra |-> 0,
    history |-> <<>>,
    retained |-> [era |-> 0, idx |-> 0],
    accepted |-> 0 ],
  [ type |-> "recovery",
    from |-> n1,
    to |-> n2,
    nonce |-> 1,
    slot |-> 0,
    entry |-> [era |-> 0, kind |-> "genesis", value |-> "genesis-value"],
    committed |-> 0,
    view |-> [era |-> 0, idx |-> 0],
    priorView |-> [era |-> 0, idx |-> 0],
    routeEra |-> 0,
    history |-> <<>>,
    retained |-> [era |-> 0, idx |-> 0],
    accepted |-> 0 ],
  [ type |-> "recovery",
    from |-> n2,
    to |-> n0,
    nonce |-> 1,
    slot |-> 0,
    entry |-> [era |-> 0, kind |-> "genesis", value |-> "genesis-value"],
    committed |-> 0,
    view |-> [era |-> 0, idx |-> 0],
    priorView |-> [era |-> 0, idx |-> 0],
    routeEra |-> 0,
    history |-> <<>>,
    retained |-> [era |-> 0, idx |-> 0],
    accepted |-> 0 ],
  [ type |-> "recovery",
    from |-> n2,
    to |-> n1,
    nonce |-> 1,
    slot |-> 0,
    entry |-> [era |-> 0, kind |-> "genesis", value |-> "genesis-value"],
    committed |-> 0,
    view |-> [era |-> 0, idx |-> 0],
    priorView |-> [era |-> 0, idx |-> 0],
    routeEra |-> 0,
    history |-> <<>>,
    retained |-> [era |-> 0, idx |-> 0],
    accepted |-> 0 ],
  [ type |-> "recovery-response",
    from |-> n0,
    to |-> n1,
    nonce |-> 1,
    slot |-> 0,
    entry |-> [era |-> 0, kind |-> "genesis", value |-> "genesis-value"],
    committed |-> 1,
    view |-> [era |-> 0, idx |-> 0],
    priorView |-> [era |-> 0, idx |-> 0],
    routeEra |-> 0,
    history |-> <<[era |-> 0, kind |-> "genesis", value |-> "genesis-value"]>>,
    retained |-> [era |-> 0, idx |-> 0],
    accepted |-> 1 ],
  [ type |-> "recovery-response",
    from |-> n0,
    to |-> n2,
    nonce |-> 1,
    slot |-> 0,
    entry |-> [era |-> 0, kind |-> "genesis", value |-> "genesis-value"],
    committed |-> 1,
    view |-> [era |-> 0, idx |-> 0],
    priorView |-> [era |-> 0, idx |-> 0],
    routeEra |-> 0,
    history |-> <<[era |-> 0, kind |-> "genesis", value |-> "genesis-value"]>>,
    retained |-> [era |-> 0, idx |-> 0],
    accepted |-> 1 ],
  [ type |-> "recovery-response",
    from |-> n1,
    to |-> n2,
    nonce |-> 1,
    slot |-> 0,
    entry |-> [era |-> 0, kind |-> "genesis", value |-> "genesis-value"],
    committed |-> 1,
    view |-> [era |-> 0, idx |-> 0],
    priorView |-> [era |-> 0, idx |-> 0],
    routeEra |-> 0,
    history |-> <<>>,
    retained |-> [era |-> 0, idx |-> 0],
    accepted |-> 1 ],
  [ type |-> "recovery-response",
    from |-> n2,
    to |-> n1,
    nonce |-> 1,
    slot |-> 0,
    entry |-> [era |-> 0, kind |-> "genesis", value |-> "genesis-value"],
    committed |-> 1,
    view |-> [era |-> 0, idx |-> 0],
    priorView |-> [era |-> 0, idx |-> 0],
    routeEra |-> 0,
    history |-> <<>>,
    retained |-> [era |-> 0, idx |-> 0],
    accepted |-> 1 ] }

State 22: <TraceNext line 74, col 14 to line 78, col 75 of module DelayedFence>
/\ retainedView = ( n0 :> [era |-> 0, idx |-> 0] @@
  n1 :> [era |-> 0, idx |-> 0] @@
  n2 :> [era |-> 0, idx |-> 0] )
/\ overlapStreamed = FALSE
/\ everEnteredViewChange = TRUE
/\ recoveryNonces = (n0 :> {} @@ n1 :> {} @@ n2 :> {})
/\ logs = ( n0 :>
      << [era |-> 0, kind |-> "genesis", value |-> "genesis-value"],
         [era |-> 0, kind |-> "command", value |-> "x"] >> @@
  n1 :> <<[era |-> 0, kind |-> "genesis", value |-> "genesis-value"]>> @@
  n2 :>
      << [era |-> 0, kind |-> "genesis", value |-> "genesis-value"],
         [era |-> 0, kind |-> "command", value |-> "x"] >> )
/\ historicalCommitted = { [ slot |-> 1,
    entry |-> [era |-> 0, kind |-> "genesis", value |-> "genesis-value"] ],
  [slot |-> 2, entry |-> [era |-> 0, kind |-> "command", value |-> "x"]] }
/\ recoveryEvidence = {}
/\ castOccurred = FALSE
/\ epochs = (n0 :> 0 @@ n1 :> 1 @@ n2 :> 1)
/\ pc = 21
/\ currentView = ( n0 :> [era |-> 0, idx |-> 0] @@
  n1 :> [era |-> 0, idx |-> 0] @@
  n2 :> [era |-> 0, idx |-> 0] )
/\ committed = (n0 :> 2 @@ n1 :> 1 @@ n2 :> 2)
/\ status = (n0 :> "normal" @@ n1 :> "normal" @@ n2 :> "normal")
/\ messages = { [ type |-> "prepare",
    from |-> n0,
    to |-> n1,
    nonce |-> 0,
    slot |-> 2,
    entry |-> [era |-> 0, kind |-> "command", value |-> "x"],
    committed |-> 1,
    view |-> [era |-> 0, idx |-> 0],
    priorView |-> [era |-> 0, idx |-> 0],
    routeEra |-> 0,
    history |-> <<>>,
    retained |-> [era |-> 0, idx |-> 0],
    accepted |-> 0 ],
  [ type |-> "prepare",
    from |-> n0,
    to |-> n2,
    nonce |-> 0,
    slot |-> 2,
    entry |-> [era |-> 0, kind |-> "command", value |-> "x"],
    committed |-> 1,
    view |-> [era |-> 0, idx |-> 0],
    priorView |-> [era |-> 0, idx |-> 0],
    routeEra |-> 0,
    history |-> <<>>,
    retained |-> [era |-> 0, idx |-> 0],
    accepted |-> 0 ],
  [ type |-> "prepare-ok",
    from |-> n2,
    to |-> n0,
    nonce |-> 0,
    slot |-> 2,
    entry |-> [era |-> 0, kind |-> "genesis", value |-> "genesis-value"],
    committed |-> 0,
    view |-> [era |-> 0, idx |-> 0],
    priorView |-> [era |-> 0, idx |-> 0],
    routeEra |-> 0,
    history |-> <<>>,
    retained |-> [era |-> 0, idx |-> 0],
    accepted |-> 0 ],
  [ type |-> "commit",
    from |-> n0,
    to |-> n1,
    nonce |-> 0,
    slot |-> 2,
    entry |-> [era |-> 0, kind |-> "genesis", value |-> "genesis-value"],
    committed |-> 2,
    view |-> [era |-> 0, idx |-> 0],
    priorView |-> [era |-> 0, idx |-> 0],
    routeEra |-> 0,
    history |-> <<>>,
    retained |-> [era |-> 0, idx |-> 0],
    accepted |-> 0 ],
  [ type |-> "commit",
    from |-> n0,
    to |-> n2,
    nonce |-> 0,
    slot |-> 2,
    entry |-> [era |-> 0, kind |-> "genesis", value |-> "genesis-value"],
    committed |-> 2,
    view |-> [era |-> 0, idx |-> 0],
    priorView |-> [era |-> 0, idx |-> 0],
    routeEra |-> 0,
    history |-> <<>>,
    retained |-> [era |-> 0, idx |-> 0],
    accepted |-> 0 ],
  [ type |-> "start-view-change",
    from |-> n1,
    to |-> n0,
    nonce |-> 0,
    slot |-> 0,
    entry |-> [era |-> 0, kind |-> "genesis", value |-> "genesis-value"],
    committed |-> 0,
    view |-> [era |-> 0, idx |-> 1],
    priorView |-> [era |-> 0, idx |-> 1],
    routeEra |-> 0,
    history |-> <<>>,
    retained |-> [era |-> 0, idx |-> 1],
    accepted |-> 0 ],
  [ type |-> "start-view-change",
    from |-> n1,
    to |-> n1,
    nonce |-> 0,
    slot |-> 0,
    entry |-> [era |-> 0, kind |-> "genesis", value |-> "genesis-value"],
    committed |-> 0,
    view |-> [era |-> 0, idx |-> 1],
    priorView |-> [era |-> 0, idx |-> 1],
    routeEra |-> 0,
    history |-> <<>>,
    retained |-> [era |-> 0, idx |-> 1],
    accepted |-> 0 ],
  [ type |-> "start-view-change",
    from |-> n1,
    to |-> n2,
    nonce |-> 0,
    slot |-> 0,
    entry |-> [era |-> 0, kind |-> "genesis", value |-> "genesis-value"],
    committed |-> 0,
    view |-> [era |-> 0, idx |-> 1],
    priorView |-> [era |-> 0, idx |-> 1],
    routeEra |-> 0,
    history |-> <<>>,
    retained |-> [era |-> 0, idx |-> 1],
    accepted |-> 0 ],
  [ type |-> "start-view-change",
    from |-> n2,
    to |-> n0,
    nonce |-> 0,
    slot |-> 0,
    entry |-> [era |-> 0, kind |-> "genesis", value |-> "genesis-value"],
    committed |-> 0,
    view |-> [era |-> 0, idx |-> 1],
    priorView |-> [era |-> 0, idx |-> 1],
    routeEra |-> 0,
    history |-> <<>>,
    retained |-> [era |-> 0, idx |-> 1],
    accepted |-> 0 ],
  [ type |-> "start-view-change",
    from |-> n2,
    to |-> n1,
    nonce |-> 0,
    slot |-> 0,
    entry |-> [era |-> 0, kind |-> "genesis", value |-> "genesis-value"],
    committed |-> 0,
    view |-> [era |-> 0, idx |-> 1],
    priorView |-> [era |-> 0, idx |-> 1],
    routeEra |-> 0,
    history |-> <<>>,
    retained |-> [era |-> 0, idx |-> 1],
    accepted |-> 0 ],
  [ type |-> "start-view-change",
    from |-> n2,
    to |-> n2,
    nonce |-> 0,
    slot |-> 0,
    entry |-> [era |-> 0, kind |-> "genesis", value |-> "genesis-value"],
    committed |-> 0,
    view |-> [era |-> 0, idx |-> 1],
    priorView |-> [era |-> 0, idx |-> 1],
    routeEra |-> 0,
    history |-> <<>>,
    retained |-> [era |-> 0, idx |-> 1],
    accepted |-> 0 ],
  [ type |-> "do-view-change",
    from |-> n2,
    to |-> n1,
    nonce |-> 0,
    slot |-> 1,
    entry |-> [era |-> 0, kind |-> "genesis", value |-> "genesis-value"],
    committed |-> 1,
    view |-> [era |-> 0, idx |-> 1],
    priorView |-> [era |-> 0, idx |-> 1],
    routeEra |-> 0,
    history |-> <<[era |-> 0, kind |-> "genesis", value |-> "genesis-value"]>>,
    retained |-> [era |-> 0, idx |-> 0],
    accepted |-> 1 ],
  [ type |-> "recovery",
    from |-> n1,
    to |-> n0,
    nonce |-> 1,
    slot |-> 0,
    entry |-> [era |-> 0, kind |-> "genesis", value |-> "genesis-value"],
    committed |-> 0,
    view |-> [era |-> 0, idx |-> 0],
    priorView |-> [era |-> 0, idx |-> 0],
    routeEra |-> 0,
    history |-> <<>>,
    retained |-> [era |-> 0, idx |-> 0],
    accepted |-> 0 ],
  [ type |-> "recovery",
    from |-> n1,
    to |-> n2,
    nonce |-> 1,
    slot |-> 0,
    entry |-> [era |-> 0, kind |-> "genesis", value |-> "genesis-value"],
    committed |-> 0,
    view |-> [era |-> 0, idx |-> 0],
    priorView |-> [era |-> 0, idx |-> 0],
    routeEra |-> 0,
    history |-> <<>>,
    retained |-> [era |-> 0, idx |-> 0],
    accepted |-> 0 ],
  [ type |-> "recovery",
    from |-> n2,
    to |-> n0,
    nonce |-> 1,
    slot |-> 0,
    entry |-> [era |-> 0, kind |-> "genesis", value |-> "genesis-value"],
    committed |-> 0,
    view |-> [era |-> 0, idx |-> 0],
    priorView |-> [era |-> 0, idx |-> 0],
    routeEra |-> 0,
    history |-> <<>>,
    retained |-> [era |-> 0, idx |-> 0],
    accepted |-> 0 ],
  [ type |-> "recovery",
    from |-> n2,
    to |-> n1,
    nonce |-> 1,
    slot |-> 0,
    entry |-> [era |-> 0, kind |-> "genesis", value |-> "genesis-value"],
    committed |-> 0,
    view |-> [era |-> 0, idx |-> 0],
    priorView |-> [era |-> 0, idx |-> 0],
    routeEra |-> 0,
    history |-> <<>>,
    retained |-> [era |-> 0, idx |-> 0],
    accepted |-> 0 ],
  [ type |-> "recovery-response",
    from |-> n0,
    to |-> n1,
    nonce |-> 1,
    slot |-> 0,
    entry |-> [era |-> 0, kind |-> "genesis", value |-> "genesis-value"],
    committed |-> 1,
    view |-> [era |-> 0, idx |-> 0],
    priorView |-> [era |-> 0, idx |-> 0],
    routeEra |-> 0,
    history |-> <<[era |-> 0, kind |-> "genesis", value |-> "genesis-value"]>>,
    retained |-> [era |-> 0, idx |-> 0],
    accepted |-> 1 ],
  [ type |-> "recovery-response",
    from |-> n0,
    to |-> n2,
    nonce |-> 1,
    slot |-> 0,
    entry |-> [era |-> 0, kind |-> "genesis", value |-> "genesis-value"],
    committed |-> 1,
    view |-> [era |-> 0, idx |-> 0],
    priorView |-> [era |-> 0, idx |-> 0],
    routeEra |-> 0,
    history |-> <<[era |-> 0, kind |-> "genesis", value |-> "genesis-value"]>>,
    retained |-> [era |-> 0, idx |-> 0],
    accepted |-> 1 ],
  [ type |-> "recovery-response",
    from |-> n1,
    to |-> n2,
    nonce |-> 1,
    slot |-> 0,
    entry |-> [era |-> 0, kind |-> "genesis", value |-> "genesis-value"],
    committed |-> 1,
    view |-> [era |-> 0, idx |-> 0],
    priorView |-> [era |-> 0, idx |-> 0],
    routeEra |-> 0,
    history |-> <<>>,
    retained |-> [era |-> 0, idx |-> 0],
    accepted |-> 1 ],
  [ type |-> "recovery-response",
    from |-> n2,
    to |-> n1,
    nonce |-> 1,
    slot |-> 0,
    entry |-> [era |-> 0, kind |-> "genesis", value |-> "genesis-value"],
    committed |-> 1,
    view |-> [era |-> 0, idx |-> 0],
    priorView |-> [era |-> 0, idx |-> 0],
    routeEra |-> 0,
    history |-> <<>>,
    retained |-> [era |-> 0, idx |-> 0],
    accepted |-> 1 ] }

State 23: <TraceNext line 74, col 14 to line 78, col 75 of module DelayedFence>
/\ retainedView = ( n0 :> [era |-> 0, idx |-> 0] @@
  n1 :> [era |-> 0, idx |-> 0] @@
  n2 :> [era |-> 0, idx |-> 0] )
/\ overlapStreamed = FALSE
/\ everEnteredViewChange = TRUE
/\ recoveryNonces = (n0 :> {} @@ n1 :> {} @@ n2 :> {})
/\ logs = ( n0 :>
      << [era |-> 0, kind |-> "genesis", value |-> "genesis-value"],
         [era |-> 0, kind |-> "command", value |-> "x"] >> @@
  n1 :> <<[era |-> 0, kind |-> "genesis", value |-> "genesis-value"]>> @@
  n2 :>
      << [era |-> 0, kind |-> "genesis", value |-> "genesis-value"],
         [era |-> 0, kind |-> "command", value |-> "x"] >> )
/\ historicalCommitted = { [ slot |-> 1,
    entry |-> [era |-> 0, kind |-> "genesis", value |-> "genesis-value"] ],
  [slot |-> 2, entry |-> [era |-> 0, kind |-> "command", value |-> "x"]] }
/\ recoveryEvidence = {}
/\ castOccurred = FALSE
/\ epochs = (n0 :> 0 @@ n1 :> 1 @@ n2 :> 1)
/\ pc = 22
/\ currentView = ( n0 :> [era |-> 0, idx |-> 0] @@
  n1 :> [era |-> 0, idx |-> 1] @@
  n2 :> [era |-> 0, idx |-> 0] )
/\ committed = (n0 :> 2 @@ n1 :> 1 @@ n2 :> 2)
/\ status = (n0 :> "normal" @@ n1 :> "view-change" @@ n2 :> "normal")
/\ messages = { [ type |-> "prepare",
    from |-> n0,
    to |-> n1,
    nonce |-> 0,
    slot |-> 2,
    entry |-> [era |-> 0, kind |-> "command", value |-> "x"],
    committed |-> 1,
    view |-> [era |-> 0, idx |-> 0],
    priorView |-> [era |-> 0, idx |-> 0],
    routeEra |-> 0,
    history |-> <<>>,
    retained |-> [era |-> 0, idx |-> 0],
    accepted |-> 0 ],
  [ type |-> "prepare",
    from |-> n0,
    to |-> n2,
    nonce |-> 0,
    slot |-> 2,
    entry |-> [era |-> 0, kind |-> "command", value |-> "x"],
    committed |-> 1,
    view |-> [era |-> 0, idx |-> 0],
    priorView |-> [era |-> 0, idx |-> 0],
    routeEra |-> 0,
    history |-> <<>>,
    retained |-> [era |-> 0, idx |-> 0],
    accepted |-> 0 ],
  [ type |-> "prepare-ok",
    from |-> n2,
    to |-> n0,
    nonce |-> 0,
    slot |-> 2,
    entry |-> [era |-> 0, kind |-> "genesis", value |-> "genesis-value"],
    committed |-> 0,
    view |-> [era |-> 0, idx |-> 0],
    priorView |-> [era |-> 0, idx |-> 0],
    routeEra |-> 0,
    history |-> <<>>,
    retained |-> [era |-> 0, idx |-> 0],
    accepted |-> 0 ],
  [ type |-> "commit",
    from |-> n0,
    to |-> n1,
    nonce |-> 0,
    slot |-> 2,
    entry |-> [era |-> 0, kind |-> "genesis", value |-> "genesis-value"],
    committed |-> 2,
    view |-> [era |-> 0, idx |-> 0],
    priorView |-> [era |-> 0, idx |-> 0],
    routeEra |-> 0,
    history |-> <<>>,
    retained |-> [era |-> 0, idx |-> 0],
    accepted |-> 0 ],
  [ type |-> "commit",
    from |-> n0,
    to |-> n2,
    nonce |-> 0,
    slot |-> 2,
    entry |-> [era |-> 0, kind |-> "genesis", value |-> "genesis-value"],
    committed |-> 2,
    view |-> [era |-> 0, idx |-> 0],
    priorView |-> [era |-> 0, idx |-> 0],
    routeEra |-> 0,
    history |-> <<>>,
    retained |-> [era |-> 0, idx |-> 0],
    accepted |-> 0 ],
  [ type |-> "start-view-change",
    from |-> n1,
    to |-> n0,
    nonce |-> 0,
    slot |-> 0,
    entry |-> [era |-> 0, kind |-> "genesis", value |-> "genesis-value"],
    committed |-> 0,
    view |-> [era |-> 0, idx |-> 1],
    priorView |-> [era |-> 0, idx |-> 1],
    routeEra |-> 0,
    history |-> <<>>,
    retained |-> [era |-> 0, idx |-> 1],
    accepted |-> 0 ],
  [ type |-> "start-view-change",
    from |-> n1,
    to |-> n1,
    nonce |-> 0,
    slot |-> 0,
    entry |-> [era |-> 0, kind |-> "genesis", value |-> "genesis-value"],
    committed |-> 0,
    view |-> [era |-> 0, idx |-> 1],
    priorView |-> [era |-> 0, idx |-> 1],
    routeEra |-> 0,
    history |-> <<>>,
    retained |-> [era |-> 0, idx |-> 1],
    accepted |-> 0 ],
  [ type |-> "start-view-change",
    from |-> n1,
    to |-> n2,
    nonce |-> 0,
    slot |-> 0,
    entry |-> [era |-> 0, kind |-> "genesis", value |-> "genesis-value"],
    committed |-> 0,
    view |-> [era |-> 0, idx |-> 1],
    priorView |-> [era |-> 0, idx |-> 1],
    routeEra |-> 0,
    history |-> <<>>,
    retained |-> [era |-> 0, idx |-> 1],
    accepted |-> 0 ],
  [ type |-> "start-view-change",
    from |-> n2,
    to |-> n0,
    nonce |-> 0,
    slot |-> 0,
    entry |-> [era |-> 0, kind |-> "genesis", value |-> "genesis-value"],
    committed |-> 0,
    view |-> [era |-> 0, idx |-> 1],
    priorView |-> [era |-> 0, idx |-> 1],
    routeEra |-> 0,
    history |-> <<>>,
    retained |-> [era |-> 0, idx |-> 1],
    accepted |-> 0 ],
  [ type |-> "start-view-change",
    from |-> n2,
    to |-> n1,
    nonce |-> 0,
    slot |-> 0,
    entry |-> [era |-> 0, kind |-> "genesis", value |-> "genesis-value"],
    committed |-> 0,
    view |-> [era |-> 0, idx |-> 1],
    priorView |-> [era |-> 0, idx |-> 1],
    routeEra |-> 0,
    history |-> <<>>,
    retained |-> [era |-> 0, idx |-> 1],
    accepted |-> 0 ],
  [ type |-> "start-view-change",
    from |-> n2,
    to |-> n2,
    nonce |-> 0,
    slot |-> 0,
    entry |-> [era |-> 0, kind |-> "genesis", value |-> "genesis-value"],
    committed |-> 0,
    view |-> [era |-> 0, idx |-> 1],
    priorView |-> [era |-> 0, idx |-> 1],
    routeEra |-> 0,
    history |-> <<>>,
    retained |-> [era |-> 0, idx |-> 1],
    accepted |-> 0 ],
  [ type |-> "do-view-change",
    from |-> n2,
    to |-> n1,
    nonce |-> 0,
    slot |-> 1,
    entry |-> [era |-> 0, kind |-> "genesis", value |-> "genesis-value"],
    committed |-> 1,
    view |-> [era |-> 0, idx |-> 1],
    priorView |-> [era |-> 0, idx |-> 1],
    routeEra |-> 0,
    history |-> <<[era |-> 0, kind |-> "genesis", value |-> "genesis-value"]>>,
    retained |-> [era |-> 0, idx |-> 0],
    accepted |-> 1 ],
  [ type |-> "recovery",
    from |-> n1,
    to |-> n0,
    nonce |-> 1,
    slot |-> 0,
    entry |-> [era |-> 0, kind |-> "genesis", value |-> "genesis-value"],
    committed |-> 0,
    view |-> [era |-> 0, idx |-> 0],
    priorView |-> [era |-> 0, idx |-> 0],
    routeEra |-> 0,
    history |-> <<>>,
    retained |-> [era |-> 0, idx |-> 0],
    accepted |-> 0 ],
  [ type |-> "recovery",
    from |-> n1,
    to |-> n2,
    nonce |-> 1,
    slot |-> 0,
    entry |-> [era |-> 0, kind |-> "genesis", value |-> "genesis-value"],
    committed |-> 0,
    view |-> [era |-> 0, idx |-> 0],
    priorView |-> [era |-> 0, idx |-> 0],
    routeEra |-> 0,
    history |-> <<>>,
    retained |-> [era |-> 0, idx |-> 0],
    accepted |-> 0 ],
  [ type |-> "recovery",
    from |-> n2,
    to |-> n0,
    nonce |-> 1,
    slot |-> 0,
    entry |-> [era |-> 0, kind |-> "genesis", value |-> "genesis-value"],
    committed |-> 0,
    view |-> [era |-> 0, idx |-> 0],
    priorView |-> [era |-> 0, idx |-> 0],
    routeEra |-> 0,
    history |-> <<>>,
    retained |-> [era |-> 0, idx |-> 0],
    accepted |-> 0 ],
  [ type |-> "recovery",
    from |-> n2,
    to |-> n1,
    nonce |-> 1,
    slot |-> 0,
    entry |-> [era |-> 0, kind |-> "genesis", value |-> "genesis-value"],
    committed |-> 0,
    view |-> [era |-> 0, idx |-> 0],
    priorView |-> [era |-> 0, idx |-> 0],
    routeEra |-> 0,
    history |-> <<>>,
    retained |-> [era |-> 0, idx |-> 0],
    accepted |-> 0 ],
  [ type |-> "recovery-response",
    from |-> n0,
    to |-> n1,
    nonce |-> 1,
    slot |-> 0,
    entry |-> [era |-> 0, kind |-> "genesis", value |-> "genesis-value"],
    committed |-> 1,
    view |-> [era |-> 0, idx |-> 0],
    priorView |-> [era |-> 0, idx |-> 0],
    routeEra |-> 0,
    history |-> <<[era |-> 0, kind |-> "genesis", value |-> "genesis-value"]>>,
    retained |-> [era |-> 0, idx |-> 0],
    accepted |-> 1 ],
  [ type |-> "recovery-response",
    from |-> n0,
    to |-> n2,
    nonce |-> 1,
    slot |-> 0,
    entry |-> [era |-> 0, kind |-> "genesis", value |-> "genesis-value"],
    committed |-> 1,
    view |-> [era |-> 0, idx |-> 0],
    priorView |-> [era |-> 0, idx |-> 0],
    routeEra |-> 0,
    history |-> <<[era |-> 0, kind |-> "genesis", value |-> "genesis-value"]>>,
    retained |-> [era |-> 0, idx |-> 0],
    accepted |-> 1 ],
  [ type |-> "recovery-response",
    from |-> n1,
    to |-> n2,
    nonce |-> 1,
    slot |-> 0,
    entry |-> [era |-> 0, kind |-> "genesis", value |-> "genesis-value"],
    committed |-> 1,
    view |-> [era |-> 0, idx |-> 0],
    priorView |-> [era |-> 0, idx |-> 0],
    routeEra |-> 0,
    history |-> <<>>,
    retained |-> [era |-> 0, idx |-> 0],
    accepted |-> 1 ],
  [ type |-> "recovery-response",
    from |-> n2,
    to |-> n1,
    nonce |-> 1,
    slot |-> 0,
    entry |-> [era |-> 0, kind |-> "genesis", value |-> "genesis-value"],
    committed |-> 1,
    view |-> [era |-> 0, idx |-> 0],
    priorView |-> [era |-> 0, idx |-> 0],
    routeEra |-> 0,
    history |-> <<>>,
    retained |-> [era |-> 0, idx |-> 0],
    accepted |-> 1 ] }

State 24: <TraceNext line 74, col 14 to line 78, col 75 of module DelayedFence>
/\ retainedView = ( n0 :> [era |-> 0, idx |-> 0] @@
  n1 :> [era |-> 0, idx |-> 0] @@
  n2 :> [era |-> 0, idx |-> 0] )
/\ overlapStreamed = FALSE
/\ everEnteredViewChange = TRUE
/\ recoveryNonces = (n0 :> {} @@ n1 :> {} @@ n2 :> {})
/\ logs = ( n0 :>
      << [era |-> 0, kind |-> "genesis", value |-> "genesis-value"],
         [era |-> 0, kind |-> "command", value |-> "x"] >> @@
  n1 :> <<[era |-> 0, kind |-> "genesis", value |-> "genesis-value"]>> @@
  n2 :>
      << [era |-> 0, kind |-> "genesis", value |-> "genesis-value"],
         [era |-> 0, kind |-> "command", value |-> "x"] >> )
/\ historicalCommitted = { [ slot |-> 1,
    entry |-> [era |-> 0, kind |-> "genesis", value |-> "genesis-value"] ],
  [slot |-> 2, entry |-> [era |-> 0, kind |-> "command", value |-> "x"]] }
/\ recoveryEvidence = {}
/\ castOccurred = FALSE
/\ epochs = (n0 :> 0 @@ n1 :> 1 @@ n2 :> 1)
/\ pc = 23
/\ currentView = ( n0 :> [era |-> 0, idx |-> 0] @@
  n1 :> [era |-> 0, idx |-> 1] @@
  n2 :> [era |-> 0, idx |-> 0] )
/\ committed = (n0 :> 2 @@ n1 :> 1 @@ n2 :> 2)
/\ status = (n0 :> "normal" @@ n1 :> "view-change" @@ n2 :> "normal")
/\ messages = { [ type |-> "prepare",
    from |-> n0,
    to |-> n1,
    nonce |-> 0,
    slot |-> 2,
    entry |-> [era |-> 0, kind |-> "command", value |-> "x"],
    committed |-> 1,
    view |-> [era |-> 0, idx |-> 0],
    priorView |-> [era |-> 0, idx |-> 0],
    routeEra |-> 0,
    history |-> <<>>,
    retained |-> [era |-> 0, idx |-> 0],
    accepted |-> 0 ],
  [ type |-> "prepare",
    from |-> n0,
    to |-> n2,
    nonce |-> 0,
    slot |-> 2,
    entry |-> [era |-> 0, kind |-> "command", value |-> "x"],
    committed |-> 1,
    view |-> [era |-> 0, idx |-> 0],
    priorView |-> [era |-> 0, idx |-> 0],
    routeEra |-> 0,
    history |-> <<>>,
    retained |-> [era |-> 0, idx |-> 0],
    accepted |-> 0 ],
  [ type |-> "prepare-ok",
    from |-> n2,
    to |-> n0,
    nonce |-> 0,
    slot |-> 2,
    entry |-> [era |-> 0, kind |-> "genesis", value |-> "genesis-value"],
    committed |-> 0,
    view |-> [era |-> 0, idx |-> 0],
    priorView |-> [era |-> 0, idx |-> 0],
    routeEra |-> 0,
    history |-> <<>>,
    retained |-> [era |-> 0, idx |-> 0],
    accepted |-> 0 ],
  [ type |-> "commit",
    from |-> n0,
    to |-> n1,
    nonce |-> 0,
    slot |-> 2,
    entry |-> [era |-> 0, kind |-> "genesis", value |-> "genesis-value"],
    committed |-> 2,
    view |-> [era |-> 0, idx |-> 0],
    priorView |-> [era |-> 0, idx |-> 0],
    routeEra |-> 0,
    history |-> <<>>,
    retained |-> [era |-> 0, idx |-> 0],
    accepted |-> 0 ],
  [ type |-> "commit",
    from |-> n0,
    to |-> n2,
    nonce |-> 0,
    slot |-> 2,
    entry |-> [era |-> 0, kind |-> "genesis", value |-> "genesis-value"],
    committed |-> 2,
    view |-> [era |-> 0, idx |-> 0],
    priorView |-> [era |-> 0, idx |-> 0],
    routeEra |-> 0,
    history |-> <<>>,
    retained |-> [era |-> 0, idx |-> 0],
    accepted |-> 0 ],
  [ type |-> "start-view-change",
    from |-> n1,
    to |-> n0,
    nonce |-> 0,
    slot |-> 0,
    entry |-> [era |-> 0, kind |-> "genesis", value |-> "genesis-value"],
    committed |-> 0,
    view |-> [era |-> 0, idx |-> 1],
    priorView |-> [era |-> 0, idx |-> 1],
    routeEra |-> 0,
    history |-> <<>>,
    retained |-> [era |-> 0, idx |-> 1],
    accepted |-> 0 ],
  [ type |-> "start-view-change",
    from |-> n1,
    to |-> n1,
    nonce |-> 0,
    slot |-> 0,
    entry |-> [era |-> 0, kind |-> "genesis", value |-> "genesis-value"],
    committed |-> 0,
    view |-> [era |-> 0, idx |-> 1],
    priorView |-> [era |-> 0, idx |-> 1],
    routeEra |-> 0,
    history |-> <<>>,
    retained |-> [era |-> 0, idx |-> 1],
    accepted |-> 0 ],
  [ type |-> "start-view-change",
    from |-> n1,
    to |-> n2,
    nonce |-> 0,
    slot |-> 0,
    entry |-> [era |-> 0, kind |-> "genesis", value |-> "genesis-value"],
    committed |-> 0,
    view |-> [era |-> 0, idx |-> 1],
    priorView |-> [era |-> 0, idx |-> 1],
    routeEra |-> 0,
    history |-> <<>>,
    retained |-> [era |-> 0, idx |-> 1],
    accepted |-> 0 ],
  [ type |-> "start-view-change",
    from |-> n2,
    to |-> n0,
    nonce |-> 0,
    slot |-> 0,
    entry |-> [era |-> 0, kind |-> "genesis", value |-> "genesis-value"],
    committed |-> 0,
    view |-> [era |-> 0, idx |-> 1],
    priorView |-> [era |-> 0, idx |-> 1],
    routeEra |-> 0,
    history |-> <<>>,
    retained |-> [era |-> 0, idx |-> 1],
    accepted |-> 0 ],
  [ type |-> "start-view-change",
    from |-> n2,
    to |-> n1,
    nonce |-> 0,
    slot |-> 0,
    entry |-> [era |-> 0, kind |-> "genesis", value |-> "genesis-value"],
    committed |-> 0,
    view |-> [era |-> 0, idx |-> 1],
    priorView |-> [era |-> 0, idx |-> 1],
    routeEra |-> 0,
    history |-> <<>>,
    retained |-> [era |-> 0, idx |-> 1],
    accepted |-> 0 ],
  [ type |-> "start-view-change",
    from |-> n2,
    to |-> n2,
    nonce |-> 0,
    slot |-> 0,
    entry |-> [era |-> 0, kind |-> "genesis", value |-> "genesis-value"],
    committed |-> 0,
    view |-> [era |-> 0, idx |-> 1],
    priorView |-> [era |-> 0, idx |-> 1],
    routeEra |-> 0,
    history |-> <<>>,
    retained |-> [era |-> 0, idx |-> 1],
    accepted |-> 0 ],
  [ type |-> "do-view-change",
    from |-> n1,
    to |-> n1,
    nonce |-> 0,
    slot |-> 1,
    entry |-> [era |-> 0, kind |-> "genesis", value |-> "genesis-value"],
    committed |-> 1,
    view |-> [era |-> 0, idx |-> 1],
    priorView |-> [era |-> 0, idx |-> 1],
    routeEra |-> 0,
    history |-> <<[era |-> 0, kind |-> "genesis", value |-> "genesis-value"]>>,
    retained |-> [era |-> 0, idx |-> 0],
    accepted |-> 1 ],
  [ type |-> "do-view-change",
    from |-> n2,
    to |-> n1,
    nonce |-> 0,
    slot |-> 1,
    entry |-> [era |-> 0, kind |-> "genesis", value |-> "genesis-value"],
    committed |-> 1,
    view |-> [era |-> 0, idx |-> 1],
    priorView |-> [era |-> 0, idx |-> 1],
    routeEra |-> 0,
    history |-> <<[era |-> 0, kind |-> "genesis", value |-> "genesis-value"]>>,
    retained |-> [era |-> 0, idx |-> 0],
    accepted |-> 1 ],
  [ type |-> "recovery",
    from |-> n1,
    to |-> n0,
    nonce |-> 1,
    slot |-> 0,
    entry |-> [era |-> 0, kind |-> "genesis", value |-> "genesis-value"],
    committed |-> 0,
    view |-> [era |-> 0, idx |-> 0],
    priorView |-> [era |-> 0, idx |-> 0],
    routeEra |-> 0,
    history |-> <<>>,
    retained |-> [era |-> 0, idx |-> 0],
    accepted |-> 0 ],
  [ type |-> "recovery",
    from |-> n1,
    to |-> n2,
    nonce |-> 1,
    slot |-> 0,
    entry |-> [era |-> 0, kind |-> "genesis", value |-> "genesis-value"],
    committed |-> 0,
    view |-> [era |-> 0, idx |-> 0],
    priorView |-> [era |-> 0, idx |-> 0],
    routeEra |-> 0,
    history |-> <<>>,
    retained |-> [era |-> 0, idx |-> 0],
    accepted |-> 0 ],
  [ type |-> "recovery",
    from |-> n2,
    to |-> n0,
    nonce |-> 1,
    slot |-> 0,
    entry |-> [era |-> 0, kind |-> "genesis", value |-> "genesis-value"],
    committed |-> 0,
    view |-> [era |-> 0, idx |-> 0],
    priorView |-> [era |-> 0, idx |-> 0],
    routeEra |-> 0,
    history |-> <<>>,
    retained |-> [era |-> 0, idx |-> 0],
    accepted |-> 0 ],
  [ type |-> "recovery",
    from |-> n2,
    to |-> n1,
    nonce |-> 1,
    slot |-> 0,
    entry |-> [era |-> 0, kind |-> "genesis", value |-> "genesis-value"],
    committed |-> 0,
    view |-> [era |-> 0, idx |-> 0],
    priorView |-> [era |-> 0, idx |-> 0],
    routeEra |-> 0,
    history |-> <<>>,
    retained |-> [era |-> 0, idx |-> 0],
    accepted |-> 0 ],
  [ type |-> "recovery-response",
    from |-> n0,
    to |-> n1,
    nonce |-> 1,
    slot |-> 0,
    entry |-> [era |-> 0, kind |-> "genesis", value |-> "genesis-value"],
    committed |-> 1,
    view |-> [era |-> 0, idx |-> 0],
    priorView |-> [era |-> 0, idx |-> 0],
    routeEra |-> 0,
    history |-> <<[era |-> 0, kind |-> "genesis", value |-> "genesis-value"]>>,
    retained |-> [era |-> 0, idx |-> 0],
    accepted |-> 1 ],
  [ type |-> "recovery-response",
    from |-> n0,
    to |-> n2,
    nonce |-> 1,
    slot |-> 0,
    entry |-> [era |-> 0, kind |-> "genesis", value |-> "genesis-value"],
    committed |-> 1,
    view |-> [era |-> 0, idx |-> 0],
    priorView |-> [era |-> 0, idx |-> 0],
    routeEra |-> 0,
    history |-> <<[era |-> 0, kind |-> "genesis", value |-> "genesis-value"]>>,
    retained |-> [era |-> 0, idx |-> 0],
    accepted |-> 1 ],
  [ type |-> "recovery-response",
    from |-> n1,
    to |-> n2,
    nonce |-> 1,
    slot |-> 0,
    entry |-> [era |-> 0, kind |-> "genesis", value |-> "genesis-value"],
    committed |-> 1,
    view |-> [era |-> 0, idx |-> 0],
    priorView |-> [era |-> 0, idx |-> 0],
    routeEra |-> 0,
    history |-> <<>>,
    retained |-> [era |-> 0, idx |-> 0],
    accepted |-> 1 ],
  [ type |-> "recovery-response",
    from |-> n2,
    to |-> n1,
    nonce |-> 1,
    slot |-> 0,
    entry |-> [era |-> 0, kind |-> "genesis", value |-> "genesis-value"],
    committed |-> 1,
    view |-> [era |-> 0, idx |-> 0],
    priorView |-> [era |-> 0, idx |-> 0],
    routeEra |-> 0,
    history |-> <<>>,
    retained |-> [era |-> 0, idx |-> 0],
    accepted |-> 1 ] }

State 25: <TraceNext line 74, col 14 to line 78, col 75 of module DelayedFence>
/\ retainedView = ( n0 :> [era |-> 0, idx |-> 0] @@
  n1 :> [era |-> 0, idx |-> 1] @@
  n2 :> [era |-> 0, idx |-> 0] )
/\ overlapStreamed = FALSE
/\ everEnteredViewChange = TRUE
/\ recoveryNonces = (n0 :> {} @@ n1 :> {} @@ n2 :> {})
/\ logs = ( n0 :>
      << [era |-> 0, kind |-> "genesis", value |-> "genesis-value"],
         [era |-> 0, kind |-> "command", value |-> "x"] >> @@
  n1 :> <<[era |-> 0, kind |-> "genesis", value |-> "genesis-value"]>> @@
  n2 :>
      << [era |-> 0, kind |-> "genesis", value |-> "genesis-value"],
         [era |-> 0, kind |-> "command", value |-> "x"] >> )
/\ historicalCommitted = { [ slot |-> 1,
    entry |-> [era |-> 0, kind |-> "genesis", value |-> "genesis-value"] ],
  [slot |-> 2, entry |-> [era |-> 0, kind |-> "command", value |-> "x"]] }
/\ recoveryEvidence = {}
/\ castOccurred = FALSE
/\ epochs = (n0 :> 0 @@ n1 :> 1 @@ n2 :> 1)
/\ pc = 24
/\ currentView = ( n0 :> [era |-> 0, idx |-> 0] @@
  n1 :> [era |-> 0, idx |-> 1] @@
  n2 :> [era |-> 0, idx |-> 0] )
/\ committed = (n0 :> 2 @@ n1 :> 1 @@ n2 :> 2)
/\ status = (n0 :> "normal" @@ n1 :> "normal" @@ n2 :> "normal")
/\ messages = { [ type |-> "prepare",
    from |-> n0,
    to |-> n1,
    nonce |-> 0,
    slot |-> 2,
    entry |-> [era |-> 0, kind |-> "command", value |-> "x"],
    committed |-> 1,
    view |-> [era |-> 0, idx |-> 0],
    priorView |-> [era |-> 0, idx |-> 0],
    routeEra |-> 0,
    history |-> <<>>,
    retained |-> [era |-> 0, idx |-> 0],
    accepted |-> 0 ],
  [ type |-> "prepare",
    from |-> n0,
    to |-> n2,
    nonce |-> 0,
    slot |-> 2,
    entry |-> [era |-> 0, kind |-> "command", value |-> "x"],
    committed |-> 1,
    view |-> [era |-> 0, idx |-> 0],
    priorView |-> [era |-> 0, idx |-> 0],
    routeEra |-> 0,
    history |-> <<>>,
    retained |-> [era |-> 0, idx |-> 0],
    accepted |-> 0 ],
  [ type |-> "prepare-ok",
    from |-> n2,
    to |-> n0,
    nonce |-> 0,
    slot |-> 2,
    entry |-> [era |-> 0, kind |-> "genesis", value |-> "genesis-value"],
    committed |-> 0,
    view |-> [era |-> 0, idx |-> 0],
    priorView |-> [era |-> 0, idx |-> 0],
    routeEra |-> 0,
    history |-> <<>>,
    retained |-> [era |-> 0, idx |-> 0],
    accepted |-> 0 ],
  [ type |-> "commit",
    from |-> n0,
    to |-> n1,
    nonce |-> 0,
    slot |-> 2,
    entry |-> [era |-> 0, kind |-> "genesis", value |-> "genesis-value"],
    committed |-> 2,
    view |-> [era |-> 0, idx |-> 0],
    priorView |-> [era |-> 0, idx |-> 0],
    routeEra |-> 0,
    history |-> <<>>,
    retained |-> [era |-> 0, idx |-> 0],
    accepted |-> 0 ],
  [ type |-> "commit",
    from |-> n0,
    to |-> n2,
    nonce |-> 0,
    slot |-> 2,
    entry |-> [era |-> 0, kind |-> "genesis", value |-> "genesis-value"],
    committed |-> 2,
    view |-> [era |-> 0, idx |-> 0],
    priorView |-> [era |-> 0, idx |-> 0],
    routeEra |-> 0,
    history |-> <<>>,
    retained |-> [era |-> 0, idx |-> 0],
    accepted |-> 0 ],
  [ type |-> "start-view-change",
    from |-> n1,
    to |-> n0,
    nonce |-> 0,
    slot |-> 0,
    entry |-> [era |-> 0, kind |-> "genesis", value |-> "genesis-value"],
    committed |-> 0,
    view |-> [era |-> 0, idx |-> 1],
    priorView |-> [era |-> 0, idx |-> 1],
    routeEra |-> 0,
    history |-> <<>>,
    retained |-> [era |-> 0, idx |-> 1],
    accepted |-> 0 ],
  [ type |-> "start-view-change",
    from |-> n1,
    to |-> n1,
    nonce |-> 0,
    slot |-> 0,
    entry |-> [era |-> 0, kind |-> "genesis", value |-> "genesis-value"],
    committed |-> 0,
    view |-> [era |-> 0, idx |-> 1],
    priorView |-> [era |-> 0, idx |-> 1],
    routeEra |-> 0,
    history |-> <<>>,
    retained |-> [era |-> 0, idx |-> 1],
    accepted |-> 0 ],
  [ type |-> "start-view-change",
    from |-> n1,
    to |-> n2,
    nonce |-> 0,
    slot |-> 0,
    entry |-> [era |-> 0, kind |-> "genesis", value |-> "genesis-value"],
    committed |-> 0,
    view |-> [era |-> 0, idx |-> 1],
    priorView |-> [era |-> 0, idx |-> 1],
    routeEra |-> 0,
    history |-> <<>>,
    retained |-> [era |-> 0, idx |-> 1],
    accepted |-> 0 ],
  [ type |-> "start-view-change",
    from |-> n2,
    to |-> n0,
    nonce |-> 0,
    slot |-> 0,
    entry |-> [era |-> 0, kind |-> "genesis", value |-> "genesis-value"],
    committed |-> 0,
    view |-> [era |-> 0, idx |-> 1],
    priorView |-> [era |-> 0, idx |-> 1],
    routeEra |-> 0,
    history |-> <<>>,
    retained |-> [era |-> 0, idx |-> 1],
    accepted |-> 0 ],
  [ type |-> "start-view-change",
    from |-> n2,
    to |-> n1,
    nonce |-> 0,
    slot |-> 0,
    entry |-> [era |-> 0, kind |-> "genesis", value |-> "genesis-value"],
    committed |-> 0,
    view |-> [era |-> 0, idx |-> 1],
    priorView |-> [era |-> 0, idx |-> 1],
    routeEra |-> 0,
    history |-> <<>>,
    retained |-> [era |-> 0, idx |-> 1],
    accepted |-> 0 ],
  [ type |-> "start-view-change",
    from |-> n2,
    to |-> n2,
    nonce |-> 0,
    slot |-> 0,
    entry |-> [era |-> 0, kind |-> "genesis", value |-> "genesis-value"],
    committed |-> 0,
    view |-> [era |-> 0, idx |-> 1],
    priorView |-> [era |-> 0, idx |-> 1],
    routeEra |-> 0,
    history |-> <<>>,
    retained |-> [era |-> 0, idx |-> 1],
    accepted |-> 0 ],
  [ type |-> "do-view-change",
    from |-> n1,
    to |-> n1,
    nonce |-> 0,
    slot |-> 1,
    entry |-> [era |-> 0, kind |-> "genesis", value |-> "genesis-value"],
    committed |-> 1,
    view |-> [era |-> 0, idx |-> 1],
    priorView |-> [era |-> 0, idx |-> 1],
    routeEra |-> 0,
    history |-> <<[era |-> 0, kind |-> "genesis", value |-> "genesis-value"]>>,
    retained |-> [era |-> 0, idx |-> 0],
    accepted |-> 1 ],
  [ type |-> "do-view-change",
    from |-> n2,
    to |-> n1,
    nonce |-> 0,
    slot |-> 1,
    entry |-> [era |-> 0, kind |-> "genesis", value |-> "genesis-value"],
    committed |-> 1,
    view |-> [era |-> 0, idx |-> 1],
    priorView |-> [era |-> 0, idx |-> 1],
    routeEra |-> 0,
    history |-> <<[era |-> 0, kind |-> "genesis", value |-> "genesis-value"]>>,
    retained |-> [era |-> 0, idx |-> 0],
    accepted |-> 1 ],
  [ type |-> "start-view",
    from |-> n1,
    to |-> n0,
    nonce |-> 0,
    slot |-> 1,
    entry |-> [era |-> 0, kind |-> "genesis", value |-> "genesis-value"],
    committed |-> 1,
    view |-> [era |-> 0, idx |-> 1],
    priorView |-> [era |-> 0, idx |-> 1],
    routeEra |-> 0,
    history |-> <<[era |-> 0, kind |-> "genesis", value |-> "genesis-value"]>>,
    retained |-> [era |-> 0, idx |-> 1],
    accepted |-> 1 ],
  [ type |-> "start-view",
    from |-> n1,
    to |-> n2,
    nonce |-> 0,
    slot |-> 1,
    entry |-> [era |-> 0, kind |-> "genesis", value |-> "genesis-value"],
    committed |-> 1,
    view |-> [era |-> 0, idx |-> 1],
    priorView |-> [era |-> 0, idx |-> 1],
    routeEra |-> 0,
    history |-> <<[era |-> 0, kind |-> "genesis", value |-> "genesis-value"]>>,
    retained |-> [era |-> 0, idx |-> 1],
    accepted |-> 1 ],
  [ type |-> "recovery",
    from |-> n1,
    to |-> n0,
    nonce |-> 1,
    slot |-> 0,
    entry |-> [era |-> 0, kind |-> "genesis", value |-> "genesis-value"],
    committed |-> 0,
    view |-> [era |-> 0, idx |-> 0],
    priorView |-> [era |-> 0, idx |-> 0],
    routeEra |-> 0,
    history |-> <<>>,
    retained |-> [era |-> 0, idx |-> 0],
    accepted |-> 0 ],
  [ type |-> "recovery",
    from |-> n1,
    to |-> n2,
    nonce |-> 1,
    slot |-> 0,
    entry |-> [era |-> 0, kind |-> "genesis", value |-> "genesis-value"],
    committed |-> 0,
    view |-> [era |-> 0, idx |-> 0],
    priorView |-> [era |-> 0, idx |-> 0],
    routeEra |-> 0,
    history |-> <<>>,
    retained |-> [era |-> 0, idx |-> 0],
    accepted |-> 0 ],
  [ type |-> "recovery",
    from |-> n2,
    to |-> n0,
    nonce |-> 1,
    slot |-> 0,
    entry |-> [era |-> 0, kind |-> "genesis", value |-> "genesis-value"],
    committed |-> 0,
    view |-> [era |-> 0, idx |-> 0],
    priorView |-> [era |-> 0, idx |-> 0],
    routeEra |-> 0,
    history |-> <<>>,
    retained |-> [era |-> 0, idx |-> 0],
    accepted |-> 0 ],
  [ type |-> "recovery",
    from |-> n2,
    to |-> n1,
    nonce |-> 1,
    slot |-> 0,
    entry |-> [era |-> 0, kind |-> "genesis", value |-> "genesis-value"],
    committed |-> 0,
    view |-> [era |-> 0, idx |-> 0],
    priorView |-> [era |-> 0, idx |-> 0],
    routeEra |-> 0,
    history |-> <<>>,
    retained |-> [era |-> 0, idx |-> 0],
    accepted |-> 0 ],
  [ type |-> "recovery-response",
    from |-> n0,
    to |-> n1,
    nonce |-> 1,
    slot |-> 0,
    entry |-> [era |-> 0, kind |-> "genesis", value |-> "genesis-value"],
    committed |-> 1,
    view |-> [era |-> 0, idx |-> 0],
    priorView |-> [era |-> 0, idx |-> 0],
    routeEra |-> 0,
    history |-> <<[era |-> 0, kind |-> "genesis", value |-> "genesis-value"]>>,
    retained |-> [era |-> 0, idx |-> 0],
    accepted |-> 1 ],
  [ type |-> "recovery-response",
    from |-> n0,
    to |-> n2,
    nonce |-> 1,
    slot |-> 0,
    entry |-> [era |-> 0, kind |-> "genesis", value |-> "genesis-value"],
    committed |-> 1,
    view |-> [era |-> 0, idx |-> 0],
    priorView |-> [era |-> 0, idx |-> 0],
    routeEra |-> 0,
    history |-> <<[era |-> 0, kind |-> "genesis", value |-> "genesis-value"]>>,
    retained |-> [era |-> 0, idx |-> 0],
    accepted |-> 1 ],
  [ type |-> "recovery-response",
    from |-> n1,
    to |-> n2,
    nonce |-> 1,
    slot |-> 0,
    entry |-> [era |-> 0, kind |-> "genesis", value |-> "genesis-value"],
    committed |-> 1,
    view |-> [era |-> 0, idx |-> 0],
    priorView |-> [era |-> 0, idx |-> 0],
    routeEra |-> 0,
    history |-> <<>>,
    retained |-> [era |-> 0, idx |-> 0],
    accepted |-> 1 ],
  [ type |-> "recovery-response",
    from |-> n2,
    to |-> n1,
    nonce |-> 1,
    slot |-> 0,
    entry |-> [era |-> 0, kind |-> "genesis", value |-> "genesis-value"],
    committed |-> 1,
    view |-> [era |-> 0, idx |-> 0],
    priorView |-> [era |-> 0, idx |-> 0],
    routeEra |-> 0,
    history |-> <<>>,
    retained |-> [era |-> 0, idx |-> 0],
    accepted |-> 1 ] }

State 26: <TraceNext line 74, col 14 to line 78, col 75 of module DelayedFence>
/\ retainedView = ( n0 :> [era |-> 0, idx |-> 0] @@
  n1 :> [era |-> 0, idx |-> 1] @@
  n2 :> [era |-> 0, idx |-> 0] )
/\ overlapStreamed = FALSE
/\ everEnteredViewChange = TRUE
/\ recoveryNonces = (n0 :> {} @@ n1 :> {} @@ n2 :> {})
/\ logs = ( n0 :>
      << [era |-> 0, kind |-> "genesis", value |-> "genesis-value"],
         [era |-> 0, kind |-> "command", value |-> "x"] >> @@
  n1 :> <<[era |-> 0, kind |-> "genesis", value |-> "genesis-value"]>> @@
  n2 :> <<[era |-> 0, kind |-> "genesis", value |-> "genesis-value"]>> )
/\ historicalCommitted = { [ slot |-> 1,
    entry |-> [era |-> 0, kind |-> "genesis", value |-> "genesis-value"] ],
  [slot |-> 2, entry |-> [era |-> 0, kind |-> "command", value |-> "x"]] }
/\ recoveryEvidence = {}
/\ castOccurred = FALSE
/\ epochs = (n0 :> 0 @@ n1 :> 1 @@ n2 :> 2)
/\ pc = 25
/\ currentView = ( n0 :> [era |-> 0, idx |-> 0] @@
  n1 :> [era |-> 0, idx |-> 1] @@
  n2 :> [era |-> 0, idx |-> 0] )
/\ committed = (n0 :> 2 @@ n1 :> 1 @@ n2 :> 1)
/\ status = (n0 :> "normal" @@ n1 :> "normal" @@ n2 :> "recovering")
/\ messages = { [ type |-> "prepare",
    from |-> n0,
    to |-> n1,
    nonce |-> 0,
    slot |-> 2,
    entry |-> [era |-> 0, kind |-> "command", value |-> "x"],
    committed |-> 1,
    view |-> [era |-> 0, idx |-> 0],
    priorView |-> [era |-> 0, idx |-> 0],
    routeEra |-> 0,
    history |-> <<>>,
    retained |-> [era |-> 0, idx |-> 0],
    accepted |-> 0 ],
  [ type |-> "prepare",
    from |-> n0,
    to |-> n2,
    nonce |-> 0,
    slot |-> 2,
    entry |-> [era |-> 0, kind |-> "command", value |-> "x"],
    committed |-> 1,
    view |-> [era |-> 0, idx |-> 0],
    priorView |-> [era |-> 0, idx |-> 0],
    routeEra |-> 0,
    history |-> <<>>,
    retained |-> [era |-> 0, idx |-> 0],
    accepted |-> 0 ],
  [ type |-> "prepare-ok",
    from |-> n2,
    to |-> n0,
    nonce |-> 0,
    slot |-> 2,
    entry |-> [era |-> 0, kind |-> "genesis", value |-> "genesis-value"],
    committed |-> 0,
    view |-> [era |-> 0, idx |-> 0],
    priorView |-> [era |-> 0, idx |-> 0],
    routeEra |-> 0,
    history |-> <<>>,
    retained |-> [era |-> 0, idx |-> 0],
    accepted |-> 0 ],
  [ type |-> "commit",
    from |-> n0,
    to |-> n1,
    nonce |-> 0,
    slot |-> 2,
    entry |-> [era |-> 0, kind |-> "genesis", value |-> "genesis-value"],
    committed |-> 2,
    view |-> [era |-> 0, idx |-> 0],
    priorView |-> [era |-> 0, idx |-> 0],
    routeEra |-> 0,
    history |-> <<>>,
    retained |-> [era |-> 0, idx |-> 0],
    accepted |-> 0 ],
  [ type |-> "commit",
    from |-> n0,
    to |-> n2,
    nonce |-> 0,
    slot |-> 2,
    entry |-> [era |-> 0, kind |-> "genesis", value |-> "genesis-value"],
    committed |-> 2,
    view |-> [era |-> 0, idx |-> 0],
    priorView |-> [era |-> 0, idx |-> 0],
    routeEra |-> 0,
    history |-> <<>>,
    retained |-> [era |-> 0, idx |-> 0],
    accepted |-> 0 ],
  [ type |-> "start-view-change",
    from |-> n1,
    to |-> n0,
    nonce |-> 0,
    slot |-> 0,
    entry |-> [era |-> 0, kind |-> "genesis", value |-> "genesis-value"],
    committed |-> 0,
    view |-> [era |-> 0, idx |-> 1],
    priorView |-> [era |-> 0, idx |-> 1],
    routeEra |-> 0,
    history |-> <<>>,
    retained |-> [era |-> 0, idx |-> 1],
    accepted |-> 0 ],
  [ type |-> "start-view-change",
    from |-> n1,
    to |-> n1,
    nonce |-> 0,
    slot |-> 0,
    entry |-> [era |-> 0, kind |-> "genesis", value |-> "genesis-value"],
    committed |-> 0,
    view |-> [era |-> 0, idx |-> 1],
    priorView |-> [era |-> 0, idx |-> 1],
    routeEra |-> 0,
    history |-> <<>>,
    retained |-> [era |-> 0, idx |-> 1],
    accepted |-> 0 ],
  [ type |-> "start-view-change",
    from |-> n1,
    to |-> n2,
    nonce |-> 0,
    slot |-> 0,
    entry |-> [era |-> 0, kind |-> "genesis", value |-> "genesis-value"],
    committed |-> 0,
    view |-> [era |-> 0, idx |-> 1],
    priorView |-> [era |-> 0, idx |-> 1],
    routeEra |-> 0,
    history |-> <<>>,
    retained |-> [era |-> 0, idx |-> 1],
    accepted |-> 0 ],
  [ type |-> "start-view-change",
    from |-> n2,
    to |-> n0,
    nonce |-> 0,
    slot |-> 0,
    entry |-> [era |-> 0, kind |-> "genesis", value |-> "genesis-value"],
    committed |-> 0,
    view |-> [era |-> 0, idx |-> 1],
    priorView |-> [era |-> 0, idx |-> 1],
    routeEra |-> 0,
    history |-> <<>>,
    retained |-> [era |-> 0, idx |-> 1],
    accepted |-> 0 ],
  [ type |-> "start-view-change",
    from |-> n2,
    to |-> n1,
    nonce |-> 0,
    slot |-> 0,
    entry |-> [era |-> 0, kind |-> "genesis", value |-> "genesis-value"],
    committed |-> 0,
    view |-> [era |-> 0, idx |-> 1],
    priorView |-> [era |-> 0, idx |-> 1],
    routeEra |-> 0,
    history |-> <<>>,
    retained |-> [era |-> 0, idx |-> 1],
    accepted |-> 0 ],
  [ type |-> "start-view-change",
    from |-> n2,
    to |-> n2,
    nonce |-> 0,
    slot |-> 0,
    entry |-> [era |-> 0, kind |-> "genesis", value |-> "genesis-value"],
    committed |-> 0,
    view |-> [era |-> 0, idx |-> 1],
    priorView |-> [era |-> 0, idx |-> 1],
    routeEra |-> 0,
    history |-> <<>>,
    retained |-> [era |-> 0, idx |-> 1],
    accepted |-> 0 ],
  [ type |-> "do-view-change",
    from |-> n1,
    to |-> n1,
    nonce |-> 0,
    slot |-> 1,
    entry |-> [era |-> 0, kind |-> "genesis", value |-> "genesis-value"],
    committed |-> 1,
    view |-> [era |-> 0, idx |-> 1],
    priorView |-> [era |-> 0, idx |-> 1],
    routeEra |-> 0,
    history |-> <<[era |-> 0, kind |-> "genesis", value |-> "genesis-value"]>>,
    retained |-> [era |-> 0, idx |-> 0],
    accepted |-> 1 ],
  [ type |-> "do-view-change",
    from |-> n2,
    to |-> n1,
    nonce |-> 0,
    slot |-> 1,
    entry |-> [era |-> 0, kind |-> "genesis", value |-> "genesis-value"],
    committed |-> 1,
    view |-> [era |-> 0, idx |-> 1],
    priorView |-> [era |-> 0, idx |-> 1],
    routeEra |-> 0,
    history |-> <<[era |-> 0, kind |-> "genesis", value |-> "genesis-value"]>>,
    retained |-> [era |-> 0, idx |-> 0],
    accepted |-> 1 ],
  [ type |-> "start-view",
    from |-> n1,
    to |-> n0,
    nonce |-> 0,
    slot |-> 1,
    entry |-> [era |-> 0, kind |-> "genesis", value |-> "genesis-value"],
    committed |-> 1,
    view |-> [era |-> 0, idx |-> 1],
    priorView |-> [era |-> 0, idx |-> 1],
    routeEra |-> 0,
    history |-> <<[era |-> 0, kind |-> "genesis", value |-> "genesis-value"]>>,
    retained |-> [era |-> 0, idx |-> 1],
    accepted |-> 1 ],
  [ type |-> "start-view",
    from |-> n1,
    to |-> n2,
    nonce |-> 0,
    slot |-> 1,
    entry |-> [era |-> 0, kind |-> "genesis", value |-> "genesis-value"],
    committed |-> 1,
    view |-> [era |-> 0, idx |-> 1],
    priorView |-> [era |-> 0, idx |-> 1],
    routeEra |-> 0,
    history |-> <<[era |-> 0, kind |-> "genesis", value |-> "genesis-value"]>>,
    retained |-> [era |-> 0, idx |-> 1],
    accepted |-> 1 ],
  [ type |-> "recovery",
    from |-> n1,
    to |-> n0,
    nonce |-> 1,
    slot |-> 0,
    entry |-> [era |-> 0, kind |-> "genesis", value |-> "genesis-value"],
    committed |-> 0,
    view |-> [era |-> 0, idx |-> 0],
    priorView |-> [era |-> 0, idx |-> 0],
    routeEra |-> 0,
    history |-> <<>>,
    retained |-> [era |-> 0, idx |-> 0],
    accepted |-> 0 ],
  [ type |-> "recovery",
    from |-> n1,
    to |-> n2,
    nonce |-> 1,
    slot |-> 0,
    entry |-> [era |-> 0, kind |-> "genesis", value |-> "genesis-value"],
    committed |-> 0,
    view |-> [era |-> 0, idx |-> 0],
    priorView |-> [era |-> 0, idx |-> 0],
    routeEra |-> 0,
    history |-> <<>>,
    retained |-> [era |-> 0, idx |-> 0],
    accepted |-> 0 ],
  [ type |-> "recovery",
    from |-> n2,
    to |-> n0,
    nonce |-> 1,
    slot |-> 0,
    entry |-> [era |-> 0, kind |-> "genesis", value |-> "genesis-value"],
    committed |-> 0,
    view |-> [era |-> 0, idx |-> 0],
    priorView |-> [era |-> 0, idx |-> 0],
    routeEra |-> 0,
    history |-> <<>>,
    retained |-> [era |-> 0, idx |-> 0],
    accepted |-> 0 ],
  [ type |-> "recovery",
    from |-> n2,
    to |-> n1,
    nonce |-> 1,
    slot |-> 0,
    entry |-> [era |-> 0, kind |-> "genesis", value |-> "genesis-value"],
    committed |-> 0,
    view |-> [era |-> 0, idx |-> 0],
    priorView |-> [era |-> 0, idx |-> 0],
    routeEra |-> 0,
    history |-> <<>>,
    retained |-> [era |-> 0, idx |-> 0],
    accepted |-> 0 ],
  [ type |-> "recovery-response",
    from |-> n0,
    to |-> n1,
    nonce |-> 1,
    slot |-> 0,
    entry |-> [era |-> 0, kind |-> "genesis", value |-> "genesis-value"],
    committed |-> 1,
    view |-> [era |-> 0, idx |-> 0],
    priorView |-> [era |-> 0, idx |-> 0],
    routeEra |-> 0,
    history |-> <<[era |-> 0, kind |-> "genesis", value |-> "genesis-value"]>>,
    retained |-> [era |-> 0, idx |-> 0],
    accepted |-> 1 ],
  [ type |-> "recovery-response",
    from |-> n0,
    to |-> n2,
    nonce |-> 1,
    slot |-> 0,
    entry |-> [era |-> 0, kind |-> "genesis", value |-> "genesis-value"],
    committed |-> 1,
    view |-> [era |-> 0, idx |-> 0],
    priorView |-> [era |-> 0, idx |-> 0],
    routeEra |-> 0,
    history |-> <<[era |-> 0, kind |-> "genesis", value |-> "genesis-value"]>>,
    retained |-> [era |-> 0, idx |-> 0],
    accepted |-> 1 ],
  [ type |-> "recovery-response",
    from |-> n1,
    to |-> n2,
    nonce |-> 1,
    slot |-> 0,
    entry |-> [era |-> 0, kind |-> "genesis", value |-> "genesis-value"],
    committed |-> 1,
    view |-> [era |-> 0, idx |-> 0],
    priorView |-> [era |-> 0, idx |-> 0],
    routeEra |-> 0,
    history |-> <<>>,
    retained |-> [era |-> 0, idx |-> 0],
    accepted |-> 1 ],
  [ type |-> "recovery-response",
    from |-> n2,
    to |-> n1,
    nonce |-> 1,
    slot |-> 0,
    entry |-> [era |-> 0, kind |-> "genesis", value |-> "genesis-value"],
    committed |-> 1,
    view |-> [era |-> 0, idx |-> 0],
    priorView |-> [era |-> 0, idx |-> 0],
    routeEra |-> 0,
    history |-> <<>>,
    retained |-> [era |-> 0, idx |-> 0],
    accepted |-> 1 ] }

State 27: <TraceNext line 74, col 14 to line 78, col 75 of module DelayedFence>
/\ retainedView = ( n0 :> [era |-> 0, idx |-> 0] @@
  n1 :> [era |-> 0, idx |-> 1] @@
  n2 :> [era |-> 0, idx |-> 0] )
/\ overlapStreamed = FALSE
/\ everEnteredViewChange = TRUE
/\ recoveryNonces = (n0 :> {} @@ n1 :> {} @@ n2 :> {2})
/\ logs = ( n0 :>
      << [era |-> 0, kind |-> "genesis", value |-> "genesis-value"],
         [era |-> 0, kind |-> "command", value |-> "x"] >> @@
  n1 :> <<[era |-> 0, kind |-> "genesis", value |-> "genesis-value"]>> @@
  n2 :> <<[era |-> 0, kind |-> "genesis", value |-> "genesis-value"]>> )
/\ historicalCommitted = { [ slot |-> 1,
    entry |-> [era |-> 0, kind |-> "genesis", value |-> "genesis-value"] ],
  [slot |-> 2, entry |-> [era |-> 0, kind |-> "command", value |-> "x"]] }
/\ recoveryEvidence = {}
/\ castOccurred = FALSE
/\ epochs = (n0 :> 0 @@ n1 :> 1 @@ n2 :> 2)
/\ pc = 26
/\ currentView = ( n0 :> [era |-> 0, idx |-> 0] @@
  n1 :> [era |-> 0, idx |-> 1] @@
  n2 :> [era |-> 0, idx |-> 0] )
/\ committed = (n0 :> 2 @@ n1 :> 1 @@ n2 :> 1)
/\ status = (n0 :> "normal" @@ n1 :> "normal" @@ n2 :> "recovering")
/\ messages = { [ type |-> "prepare",
    from |-> n0,
    to |-> n1,
    nonce |-> 0,
    slot |-> 2,
    entry |-> [era |-> 0, kind |-> "command", value |-> "x"],
    committed |-> 1,
    view |-> [era |-> 0, idx |-> 0],
    priorView |-> [era |-> 0, idx |-> 0],
    routeEra |-> 0,
    history |-> <<>>,
    retained |-> [era |-> 0, idx |-> 0],
    accepted |-> 0 ],
  [ type |-> "prepare",
    from |-> n0,
    to |-> n2,
    nonce |-> 0,
    slot |-> 2,
    entry |-> [era |-> 0, kind |-> "command", value |-> "x"],
    committed |-> 1,
    view |-> [era |-> 0, idx |-> 0],
    priorView |-> [era |-> 0, idx |-> 0],
    routeEra |-> 0,
    history |-> <<>>,
    retained |-> [era |-> 0, idx |-> 0],
    accepted |-> 0 ],
  [ type |-> "prepare-ok",
    from |-> n2,
    to |-> n0,
    nonce |-> 0,
    slot |-> 2,
    entry |-> [era |-> 0, kind |-> "genesis", value |-> "genesis-value"],
    committed |-> 0,
    view |-> [era |-> 0, idx |-> 0],
    priorView |-> [era |-> 0, idx |-> 0],
    routeEra |-> 0,
    history |-> <<>>,
    retained |-> [era |-> 0, idx |-> 0],
    accepted |-> 0 ],
  [ type |-> "commit",
    from |-> n0,
    to |-> n1,
    nonce |-> 0,
    slot |-> 2,
    entry |-> [era |-> 0, kind |-> "genesis", value |-> "genesis-value"],
    committed |-> 2,
    view |-> [era |-> 0, idx |-> 0],
    priorView |-> [era |-> 0, idx |-> 0],
    routeEra |-> 0,
    history |-> <<>>,
    retained |-> [era |-> 0, idx |-> 0],
    accepted |-> 0 ],
  [ type |-> "commit",
    from |-> n0,
    to |-> n2,
    nonce |-> 0,
    slot |-> 2,
    entry |-> [era |-> 0, kind |-> "genesis", value |-> "genesis-value"],
    committed |-> 2,
    view |-> [era |-> 0, idx |-> 0],
    priorView |-> [era |-> 0, idx |-> 0],
    routeEra |-> 0,
    history |-> <<>>,
    retained |-> [era |-> 0, idx |-> 0],
    accepted |-> 0 ],
  [ type |-> "start-view-change",
    from |-> n1,
    to |-> n0,
    nonce |-> 0,
    slot |-> 0,
    entry |-> [era |-> 0, kind |-> "genesis", value |-> "genesis-value"],
    committed |-> 0,
    view |-> [era |-> 0, idx |-> 1],
    priorView |-> [era |-> 0, idx |-> 1],
    routeEra |-> 0,
    history |-> <<>>,
    retained |-> [era |-> 0, idx |-> 1],
    accepted |-> 0 ],
  [ type |-> "start-view-change",
    from |-> n1,
    to |-> n1,
    nonce |-> 0,
    slot |-> 0,
    entry |-> [era |-> 0, kind |-> "genesis", value |-> "genesis-value"],
    committed |-> 0,
    view |-> [era |-> 0, idx |-> 1],
    priorView |-> [era |-> 0, idx |-> 1],
    routeEra |-> 0,
    history |-> <<>>,
    retained |-> [era |-> 0, idx |-> 1],
    accepted |-> 0 ],
  [ type |-> "start-view-change",
    from |-> n1,
    to |-> n2,
    nonce |-> 0,
    slot |-> 0,
    entry |-> [era |-> 0, kind |-> "genesis", value |-> "genesis-value"],
    committed |-> 0,
    view |-> [era |-> 0, idx |-> 1],
    priorView |-> [era |-> 0, idx |-> 1],
    routeEra |-> 0,
    history |-> <<>>,
    retained |-> [era |-> 0, idx |-> 1],
    accepted |-> 0 ],
  [ type |-> "start-view-change",
    from |-> n2,
    to |-> n0,
    nonce |-> 0,
    slot |-> 0,
    entry |-> [era |-> 0, kind |-> "genesis", value |-> "genesis-value"],
    committed |-> 0,
    view |-> [era |-> 0, idx |-> 1],
    priorView |-> [era |-> 0, idx |-> 1],
    routeEra |-> 0,
    history |-> <<>>,
    retained |-> [era |-> 0, idx |-> 1],
    accepted |-> 0 ],
  [ type |-> "start-view-change",
    from |-> n2,
    to |-> n1,
    nonce |-> 0,
    slot |-> 0,
    entry |-> [era |-> 0, kind |-> "genesis", value |-> "genesis-value"],
    committed |-> 0,
    view |-> [era |-> 0, idx |-> 1],
    priorView |-> [era |-> 0, idx |-> 1],
    routeEra |-> 0,
    history |-> <<>>,
    retained |-> [era |-> 0, idx |-> 1],
    accepted |-> 0 ],
  [ type |-> "start-view-change",
    from |-> n2,
    to |-> n2,
    nonce |-> 0,
    slot |-> 0,
    entry |-> [era |-> 0, kind |-> "genesis", value |-> "genesis-value"],
    committed |-> 0,
    view |-> [era |-> 0, idx |-> 1],
    priorView |-> [era |-> 0, idx |-> 1],
    routeEra |-> 0,
    history |-> <<>>,
    retained |-> [era |-> 0, idx |-> 1],
    accepted |-> 0 ],
  [ type |-> "do-view-change",
    from |-> n1,
    to |-> n1,
    nonce |-> 0,
    slot |-> 1,
    entry |-> [era |-> 0, kind |-> "genesis", value |-> "genesis-value"],
    committed |-> 1,
    view |-> [era |-> 0, idx |-> 1],
    priorView |-> [era |-> 0, idx |-> 1],
    routeEra |-> 0,
    history |-> <<[era |-> 0, kind |-> "genesis", value |-> "genesis-value"]>>,
    retained |-> [era |-> 0, idx |-> 0],
    accepted |-> 1 ],
  [ type |-> "do-view-change",
    from |-> n2,
    to |-> n1,
    nonce |-> 0,
    slot |-> 1,
    entry |-> [era |-> 0, kind |-> "genesis", value |-> "genesis-value"],
    committed |-> 1,
    view |-> [era |-> 0, idx |-> 1],
    priorView |-> [era |-> 0, idx |-> 1],
    routeEra |-> 0,
    history |-> <<[era |-> 0, kind |-> "genesis", value |-> "genesis-value"]>>,
    retained |-> [era |-> 0, idx |-> 0],
    accepted |-> 1 ],
  [ type |-> "start-view",
    from |-> n1,
    to |-> n0,
    nonce |-> 0,
    slot |-> 1,
    entry |-> [era |-> 0, kind |-> "genesis", value |-> "genesis-value"],
    committed |-> 1,
    view |-> [era |-> 0, idx |-> 1],
    priorView |-> [era |-> 0, idx |-> 1],
    routeEra |-> 0,
    history |-> <<[era |-> 0, kind |-> "genesis", value |-> "genesis-value"]>>,
    retained |-> [era |-> 0, idx |-> 1],
    accepted |-> 1 ],
  [ type |-> "start-view",
    from |-> n1,
    to |-> n2,
    nonce |-> 0,
    slot |-> 1,
    entry |-> [era |-> 0, kind |-> "genesis", value |-> "genesis-value"],
    committed |-> 1,
    view |-> [era |-> 0, idx |-> 1],
    priorView |-> [era |-> 0, idx |-> 1],
    routeEra |-> 0,
    history |-> <<[era |-> 0, kind |-> "genesis", value |-> "genesis-value"]>>,
    retained |-> [era |-> 0, idx |-> 1],
    accepted |-> 1 ],
  [ type |-> "recovery",
    from |-> n1,
    to |-> n0,
    nonce |-> 1,
    slot |-> 0,
    entry |-> [era |-> 0, kind |-> "genesis", value |-> "genesis-value"],
    committed |-> 0,
    view |-> [era |-> 0, idx |-> 0],
    priorView |-> [era |-> 0, idx |-> 0],
    routeEra |-> 0,
    history |-> <<>>,
    retained |-> [era |-> 0, idx |-> 0],
    accepted |-> 0 ],
  [ type |-> "recovery",
    from |-> n1,
    to |-> n2,
    nonce |-> 1,
    slot |-> 0,
    entry |-> [era |-> 0, kind |-> "genesis", value |-> "genesis-value"],
    committed |-> 0,
    view |-> [era |-> 0, idx |-> 0],
    priorView |-> [era |-> 0, idx |-> 0],
    routeEra |-> 0,
    history |-> <<>>,
    retained |-> [era |-> 0, idx |-> 0],
    accepted |-> 0 ],
  [ type |-> "recovery",
    from |-> n2,
    to |-> n0,
    nonce |-> 1,
    slot |-> 0,
    entry |-> [era |-> 0, kind |-> "genesis", value |-> "genesis-value"],
    committed |-> 0,
    view |-> [era |-> 0, idx |-> 0],
    priorView |-> [era |-> 0, idx |-> 0],
    routeEra |-> 0,
    history |-> <<>>,
    retained |-> [era |-> 0, idx |-> 0],
    accepted |-> 0 ],
  [ type |-> "recovery",
    from |-> n2,
    to |-> n0,
    nonce |-> 2,
    slot |-> 0,
    entry |-> [era |-> 0, kind |-> "genesis", value |-> "genesis-value"],
    committed |-> 0,
    view |-> [era |-> 0, idx |-> 0],
    priorView |-> [era |-> 0, idx |-> 0],
    routeEra |-> 0,
    history |-> <<>>,
    retained |-> [era |-> 0, idx |-> 0],
    accepted |-> 0 ],
  [ type |-> "recovery",
    from |-> n2,
    to |-> n1,
    nonce |-> 1,
    slot |-> 0,
    entry |-> [era |-> 0, kind |-> "genesis", value |-> "genesis-value"],
    committed |-> 0,
    view |-> [era |-> 0, idx |-> 0],
    priorView |-> [era |-> 0, idx |-> 0],
    routeEra |-> 0,
    history |-> <<>>,
    retained |-> [era |-> 0, idx |-> 0],
    accepted |-> 0 ],
  [ type |-> "recovery",
    from |-> n2,
    to |-> n1,
    nonce |-> 2,
    slot |-> 0,
    entry |-> [era |-> 0, kind |-> "genesis", value |-> "genesis-value"],
    committed |-> 0,
    view |-> [era |-> 0, idx |-> 0],
    priorView |-> [era |-> 0, idx |-> 0],
    routeEra |-> 0,
    history |-> <<>>,
    retained |-> [era |-> 0, idx |-> 0],
    accepted |-> 0 ],
  [ type |-> "recovery-response",
    from |-> n0,
    to |-> n1,
    nonce |-> 1,
    slot |-> 0,
    entry |-> [era |-> 0, kind |-> "genesis", value |-> "genesis-value"],
    committed |-> 1,
    view |-> [era |-> 0, idx |-> 0],
    priorView |-> [era |-> 0, idx |-> 0],
    routeEra |-> 0,
    history |-> <<[era |-> 0, kind |-> "genesis", value |-> "genesis-value"]>>,
    retained |-> [era |-> 0, idx |-> 0],
    accepted |-> 1 ],
  [ type |-> "recovery-response",
    from |-> n0,
    to |-> n2,
    nonce |-> 1,
    slot |-> 0,
    entry |-> [era |-> 0, kind |-> "genesis", value |-> "genesis-value"],
    committed |-> 1,
    view |-> [era |-> 0, idx |-> 0],
    priorView |-> [era |-> 0, idx |-> 0],
    routeEra |-> 0,
    history |-> <<[era |-> 0, kind |-> "genesis", value |-> "genesis-value"]>>,
    retained |-> [era |-> 0, idx |-> 0],
    accepted |-> 1 ],
  [ type |-> "recovery-response",
    from |-> n1,
    to |-> n2,
    nonce |-> 1,
    slot |-> 0,
    entry |-> [era |-> 0, kind |-> "genesis", value |-> "genesis-value"],
    committed |-> 1,
    view |-> [era |-> 0, idx |-> 0],
    priorView |-> [era |-> 0, idx |-> 0],
    routeEra |-> 0,
    history |-> <<>>,
    retained |-> [era |-> 0, idx |-> 0],
    accepted |-> 1 ],
  [ type |-> "recovery-response",
    from |-> n2,
    to |-> n1,
    nonce |-> 1,
    slot |-> 0,
    entry |-> [era |-> 0, kind |-> "genesis", value |-> "genesis-value"],
    committed |-> 1,
    view |-> [era |-> 0, idx |-> 0],
    priorView |-> [era |-> 0, idx |-> 0],
    routeEra |-> 0,
    history |-> <<>>,
    retained |-> [era |-> 0, idx |-> 0],
    accepted |-> 1 ] }

State 28: <TraceNext line 74, col 14 to line 78, col 75 of module DelayedFence>
/\ retainedView = ( n0 :> [era |-> 0, idx |-> 0] @@
  n1 :> [era |-> 0, idx |-> 1] @@
  n2 :> [era |-> 0, idx |-> 0] )
/\ overlapStreamed = FALSE
/\ everEnteredViewChange = TRUE
/\ recoveryNonces = (n0 :> {} @@ n1 :> {} @@ n2 :> {2})
/\ logs = ( n0 :>
      << [era |-> 0, kind |-> "genesis", value |-> "genesis-value"],
         [era |-> 0, kind |-> "command", value |-> "x"] >> @@
  n1 :> <<[era |-> 0, kind |-> "genesis", value |-> "genesis-value"]>> @@
  n2 :> <<[era |-> 0, kind |-> "genesis", value |-> "genesis-value"]>> )
/\ historicalCommitted = { [ slot |-> 1,
    entry |-> [era |-> 0, kind |-> "genesis", value |-> "genesis-value"] ],
  [slot |-> 2, entry |-> [era |-> 0, kind |-> "command", value |-> "x"]] }
/\ recoveryEvidence = {}
/\ castOccurred = FALSE
/\ epochs = (n0 :> 0 @@ n1 :> 1 @@ n2 :> 2)
/\ pc = 27
/\ currentView = ( n0 :> [era |-> 0, idx |-> 0] @@
  n1 :> [era |-> 0, idx |-> 1] @@
  n2 :> [era |-> 0, idx |-> 0] )
/\ committed = (n0 :> 2 @@ n1 :> 1 @@ n2 :> 1)
/\ status = (n0 :> "normal" @@ n1 :> "normal" @@ n2 :> "recovering")
/\ messages = { [ type |-> "prepare",
    from |-> n0,
    to |-> n1,
    nonce |-> 0,
    slot |-> 2,
    entry |-> [era |-> 0, kind |-> "command", value |-> "x"],
    committed |-> 1,
    view |-> [era |-> 0, idx |-> 0],
    priorView |-> [era |-> 0, idx |-> 0],
    routeEra |-> 0,
    history |-> <<>>,
    retained |-> [era |-> 0, idx |-> 0],
    accepted |-> 0 ],
  [ type |-> "prepare",
    from |-> n0,
    to |-> n2,
    nonce |-> 0,
    slot |-> 2,
    entry |-> [era |-> 0, kind |-> "command", value |-> "x"],
    committed |-> 1,
    view |-> [era |-> 0, idx |-> 0],
    priorView |-> [era |-> 0, idx |-> 0],
    routeEra |-> 0,
    history |-> <<>>,
    retained |-> [era |-> 0, idx |-> 0],
    accepted |-> 0 ],
  [ type |-> "prepare-ok",
    from |-> n2,
    to |-> n0,
    nonce |-> 0,
    slot |-> 2,
    entry |-> [era |-> 0, kind |-> "genesis", value |-> "genesis-value"],
    committed |-> 0,
    view |-> [era |-> 0, idx |-> 0],
    priorView |-> [era |-> 0, idx |-> 0],
    routeEra |-> 0,
    history |-> <<>>,
    retained |-> [era |-> 0, idx |-> 0],
    accepted |-> 0 ],
  [ type |-> "commit",
    from |-> n0,
    to |-> n1,
    nonce |-> 0,
    slot |-> 2,
    entry |-> [era |-> 0, kind |-> "genesis", value |-> "genesis-value"],
    committed |-> 2,
    view |-> [era |-> 0, idx |-> 0],
    priorView |-> [era |-> 0, idx |-> 0],
    routeEra |-> 0,
    history |-> <<>>,
    retained |-> [era |-> 0, idx |-> 0],
    accepted |-> 0 ],
  [ type |-> "commit",
    from |-> n0,
    to |-> n2,
    nonce |-> 0,
    slot |-> 2,
    entry |-> [era |-> 0, kind |-> "genesis", value |-> "genesis-value"],
    committed |-> 2,
    view |-> [era |-> 0, idx |-> 0],
    priorView |-> [era |-> 0, idx |-> 0],
    routeEra |-> 0,
    history |-> <<>>,
    retained |-> [era |-> 0, idx |-> 0],
    accepted |-> 0 ],
  [ type |-> "start-view-change",
    from |-> n1,
    to |-> n0,
    nonce |-> 0,
    slot |-> 0,
    entry |-> [era |-> 0, kind |-> "genesis", value |-> "genesis-value"],
    committed |-> 0,
    view |-> [era |-> 0, idx |-> 1],
    priorView |-> [era |-> 0, idx |-> 1],
    routeEra |-> 0,
    history |-> <<>>,
    retained |-> [era |-> 0, idx |-> 1],
    accepted |-> 0 ],
  [ type |-> "start-view-change",
    from |-> n1,
    to |-> n1,
    nonce |-> 0,
    slot |-> 0,
    entry |-> [era |-> 0, kind |-> "genesis", value |-> "genesis-value"],
    committed |-> 0,
    view |-> [era |-> 0, idx |-> 1],
    priorView |-> [era |-> 0, idx |-> 1],
    routeEra |-> 0,
    history |-> <<>>,
    retained |-> [era |-> 0, idx |-> 1],
    accepted |-> 0 ],
  [ type |-> "start-view-change",
    from |-> n1,
    to |-> n2,
    nonce |-> 0,
    slot |-> 0,
    entry |-> [era |-> 0, kind |-> "genesis", value |-> "genesis-value"],
    committed |-> 0,
    view |-> [era |-> 0, idx |-> 1],
    priorView |-> [era |-> 0, idx |-> 1],
    routeEra |-> 0,
    history |-> <<>>,
    retained |-> [era |-> 0, idx |-> 1],
    accepted |-> 0 ],
  [ type |-> "start-view-change",
    from |-> n2,
    to |-> n0,
    nonce |-> 0,
    slot |-> 0,
    entry |-> [era |-> 0, kind |-> "genesis", value |-> "genesis-value"],
    committed |-> 0,
    view |-> [era |-> 0, idx |-> 1],
    priorView |-> [era |-> 0, idx |-> 1],
    routeEra |-> 0,
    history |-> <<>>,
    retained |-> [era |-> 0, idx |-> 1],
    accepted |-> 0 ],
  [ type |-> "start-view-change",
    from |-> n2,
    to |-> n1,
    nonce |-> 0,
    slot |-> 0,
    entry |-> [era |-> 0, kind |-> "genesis", value |-> "genesis-value"],
    committed |-> 0,
    view |-> [era |-> 0, idx |-> 1],
    priorView |-> [era |-> 0, idx |-> 1],
    routeEra |-> 0,
    history |-> <<>>,
    retained |-> [era |-> 0, idx |-> 1],
    accepted |-> 0 ],
  [ type |-> "start-view-change",
    from |-> n2,
    to |-> n2,
    nonce |-> 0,
    slot |-> 0,
    entry |-> [era |-> 0, kind |-> "genesis", value |-> "genesis-value"],
    committed |-> 0,
    view |-> [era |-> 0, idx |-> 1],
    priorView |-> [era |-> 0, idx |-> 1],
    routeEra |-> 0,
    history |-> <<>>,
    retained |-> [era |-> 0, idx |-> 1],
    accepted |-> 0 ],
  [ type |-> "do-view-change",
    from |-> n1,
    to |-> n1,
    nonce |-> 0,
    slot |-> 1,
    entry |-> [era |-> 0, kind |-> "genesis", value |-> "genesis-value"],
    committed |-> 1,
    view |-> [era |-> 0, idx |-> 1],
    priorView |-> [era |-> 0, idx |-> 1],
    routeEra |-> 0,
    history |-> <<[era |-> 0, kind |-> "genesis", value |-> "genesis-value"]>>,
    retained |-> [era |-> 0, idx |-> 0],
    accepted |-> 1 ],
  [ type |-> "do-view-change",
    from |-> n2,
    to |-> n1,
    nonce |-> 0,
    slot |-> 1,
    entry |-> [era |-> 0, kind |-> "genesis", value |-> "genesis-value"],
    committed |-> 1,
    view |-> [era |-> 0, idx |-> 1],
    priorView |-> [era |-> 0, idx |-> 1],
    routeEra |-> 0,
    history |-> <<[era |-> 0, kind |-> "genesis", value |-> "genesis-value"]>>,
    retained |-> [era |-> 0, idx |-> 0],
    accepted |-> 1 ],
  [ type |-> "start-view",
    from |-> n1,
    to |-> n0,
    nonce |-> 0,
    slot |-> 1,
    entry |-> [era |-> 0, kind |-> "genesis", value |-> "genesis-value"],
    committed |-> 1,
    view |-> [era |-> 0, idx |-> 1],
    priorView |-> [era |-> 0, idx |-> 1],
    routeEra |-> 0,
    history |-> <<[era |-> 0, kind |-> "genesis", value |-> "genesis-value"]>>,
    retained |-> [era |-> 0, idx |-> 1],
    accepted |-> 1 ],
  [ type |-> "start-view",
    from |-> n1,
    to |-> n2,
    nonce |-> 0,
    slot |-> 1,
    entry |-> [era |-> 0, kind |-> "genesis", value |-> "genesis-value"],
    committed |-> 1,
    view |-> [era |-> 0, idx |-> 1],
    priorView |-> [era |-> 0, idx |-> 1],
    routeEra |-> 0,
    history |-> <<[era |-> 0, kind |-> "genesis", value |-> "genesis-value"]>>,
    retained |-> [era |-> 0, idx |-> 1],
    accepted |-> 1 ],
  [ type |-> "recovery",
    from |-> n1,
    to |-> n0,
    nonce |-> 1,
    slot |-> 0,
    entry |-> [era |-> 0, kind |-> "genesis", value |-> "genesis-value"],
    committed |-> 0,
    view |-> [era |-> 0, idx |-> 0],
    priorView |-> [era |-> 0, idx |-> 0],
    routeEra |-> 0,
    history |-> <<>>,
    retained |-> [era |-> 0, idx |-> 0],
    accepted |-> 0 ],
  [ type |-> "recovery",
    from |-> n1,
    to |-> n2,
    nonce |-> 1,
    slot |-> 0,
    entry |-> [era |-> 0, kind |-> "genesis", value |-> "genesis-value"],
    committed |-> 0,
    view |-> [era |-> 0, idx |-> 0],
    priorView |-> [era |-> 0, idx |-> 0],
    routeEra |-> 0,
    history |-> <<>>,
    retained |-> [era |-> 0, idx |-> 0],
    accepted |-> 0 ],
  [ type |-> "recovery",
    from |-> n2,
    to |-> n0,
    nonce |-> 1,
    slot |-> 0,
    entry |-> [era |-> 0, kind |-> "genesis", value |-> "genesis-value"],
    committed |-> 0,
    view |-> [era |-> 0, idx |-> 0],
    priorView |-> [era |-> 0, idx |-> 0],
    routeEra |-> 0,
    history |-> <<>>,
    retained |-> [era |-> 0, idx |-> 0],
    accepted |-> 0 ],
  [ type |-> "recovery",
    from |-> n2,
    to |-> n0,
    nonce |-> 2,
    slot |-> 0,
    entry |-> [era |-> 0, kind |-> "genesis", value |-> "genesis-value"],
    committed |-> 0,
    view |-> [era |-> 0, idx |-> 0],
    priorView |-> [era |-> 0, idx |-> 0],
    routeEra |-> 0,
    history |-> <<>>,
    retained |-> [era |-> 0, idx |-> 0],
    accepted |-> 0 ],
  [ type |-> "recovery",
    from |-> n2,
    to |-> n1,
    nonce |-> 1,
    slot |-> 0,
    entry |-> [era |-> 0, kind |-> "genesis", value |-> "genesis-value"],
    committed |-> 0,
    view |-> [era |-> 0, idx |-> 0],
    priorView |-> [era |-> 0, idx |-> 0],
    routeEra |-> 0,
    history |-> <<>>,
    retained |-> [era |-> 0, idx |-> 0],
    accepted |-> 0 ],
  [ type |-> "recovery",
    from |-> n2,
    to |-> n1,
    nonce |-> 2,
    slot |-> 0,
    entry |-> [era |-> 0, kind |-> "genesis", value |-> "genesis-value"],
    committed |-> 0,
    view |-> [era |-> 0, idx |-> 0],
    priorView |-> [era |-> 0, idx |-> 0],
    routeEra |-> 0,
    history |-> <<>>,
    retained |-> [era |-> 0, idx |-> 0],
    accepted |-> 0 ],
  [ type |-> "recovery-response",
    from |-> n0,
    to |-> n1,
    nonce |-> 1,
    slot |-> 0,
    entry |-> [era |-> 0, kind |-> "genesis", value |-> "genesis-value"],
    committed |-> 1,
    view |-> [era |-> 0, idx |-> 0],
    priorView |-> [era |-> 0, idx |-> 0],
    routeEra |-> 0,
    history |-> <<[era |-> 0, kind |-> "genesis", value |-> "genesis-value"]>>,
    retained |-> [era |-> 0, idx |-> 0],
    accepted |-> 1 ],
  [ type |-> "recovery-response",
    from |-> n0,
    to |-> n2,
    nonce |-> 1,
    slot |-> 0,
    entry |-> [era |-> 0, kind |-> "genesis", value |-> "genesis-value"],
    committed |-> 1,
    view |-> [era |-> 0, idx |-> 0],
    priorView |-> [era |-> 0, idx |-> 0],
    routeEra |-> 0,
    history |-> <<[era |-> 0, kind |-> "genesis", value |-> "genesis-value"]>>,
    retained |-> [era |-> 0, idx |-> 0],
    accepted |-> 1 ],
  [ type |-> "recovery-response",
    from |-> n0,
    to |-> n2,
    nonce |-> 2,
    slot |-> 0,
    entry |-> [era |-> 0, kind |-> "genesis", value |-> "genesis-value"],
    committed |-> 2,
    view |-> [era |-> 0, idx |-> 0],
    priorView |-> [era |-> 0, idx |-> 0],
    routeEra |-> 0,
    history |->
        << [era |-> 0, kind |-> "genesis", value |-> "genesis-value"],
           [era |-> 0, kind |-> "command", value |-> "x"] >>,
    retained |-> [era |-> 0, idx |-> 0],
    accepted |-> 2 ],
  [ type |-> "recovery-response",
    from |-> n1,
    to |-> n2,
    nonce |-> 1,
    slot |-> 0,
    entry |-> [era |-> 0, kind |-> "genesis", value |-> "genesis-value"],
    committed |-> 1,
    view |-> [era |-> 0, idx |-> 0],
    priorView |-> [era |-> 0, idx |-> 0],
    routeEra |-> 0,
    history |-> <<>>,
    retained |-> [era |-> 0, idx |-> 0],
    accepted |-> 1 ],
  [ type |-> "recovery-response",
    from |-> n2,
    to |-> n1,
    nonce |-> 1,
    slot |-> 0,
    entry |-> [era |-> 0, kind |-> "genesis", value |-> "genesis-value"],
    committed |-> 1,
    view |-> [era |-> 0, idx |-> 0],
    priorView |-> [era |-> 0, idx |-> 0],
    routeEra |-> 0,
    history |-> <<>>,
    retained |-> [era |-> 0, idx |-> 0],
    accepted |-> 1 ] }

State 29: <TraceNext line 74, col 14 to line 78, col 75 of module DelayedFence>
/\ retainedView = ( n0 :> [era |-> 0, idx |-> 0] @@
  n1 :> [era |-> 0, idx |-> 1] @@
  n2 :> [era |-> 0, idx |-> 0] )
/\ overlapStreamed = FALSE
/\ everEnteredViewChange = TRUE
/\ recoveryNonces = (n0 :> {} @@ n1 :> {} @@ n2 :> {2})
/\ logs = ( n0 :>
      << [era |-> 0, kind |-> "genesis", value |-> "genesis-value"],
         [era |-> 0, kind |-> "command", value |-> "x"] >> @@
  n1 :> <<[era |-> 0, kind |-> "genesis", value |-> "genesis-value"]>> @@
  n2 :> <<[era |-> 0, kind |-> "genesis", value |-> "genesis-value"]>> )
/\ historicalCommitted = { [ slot |-> 1,
    entry |-> [era |-> 0, kind |-> "genesis", value |-> "genesis-value"] ],
  [slot |-> 2, entry |-> [era |-> 0, kind |-> "command", value |-> "x"]] }
/\ recoveryEvidence = {}
/\ castOccurred = FALSE
/\ epochs = (n0 :> 0 @@ n1 :> 1 @@ n2 :> 2)
/\ pc = 28
/\ currentView = ( n0 :> [era |-> 0, idx |-> 0] @@
  n1 :> [era |-> 0, idx |-> 1] @@
  n2 :> [era |-> 0, idx |-> 0] )
/\ committed = (n0 :> 2 @@ n1 :> 1 @@ n2 :> 1)
/\ status = (n0 :> "normal" @@ n1 :> "normal" @@ n2 :> "recovering")
/\ messages = { [ type |-> "prepare",
    from |-> n0,
    to |-> n1,
    nonce |-> 0,
    slot |-> 2,
    entry |-> [era |-> 0, kind |-> "command", value |-> "x"],
    committed |-> 1,
    view |-> [era |-> 0, idx |-> 0],
    priorView |-> [era |-> 0, idx |-> 0],
    routeEra |-> 0,
    history |-> <<>>,
    retained |-> [era |-> 0, idx |-> 0],
    accepted |-> 0 ],
  [ type |-> "prepare",
    from |-> n0,
    to |-> n2,
    nonce |-> 0,
    slot |-> 2,
    entry |-> [era |-> 0, kind |-> "command", value |-> "x"],
    committed |-> 1,
    view |-> [era |-> 0, idx |-> 0],
    priorView |-> [era |-> 0, idx |-> 0],
    routeEra |-> 0,
    history |-> <<>>,
    retained |-> [era |-> 0, idx |-> 0],
    accepted |-> 0 ],
  [ type |-> "prepare-ok",
    from |-> n2,
    to |-> n0,
    nonce |-> 0,
    slot |-> 2,
    entry |-> [era |-> 0, kind |-> "genesis", value |-> "genesis-value"],
    committed |-> 0,
    view |-> [era |-> 0, idx |-> 0],
    priorView |-> [era |-> 0, idx |-> 0],
    routeEra |-> 0,
    history |-> <<>>,
    retained |-> [era |-> 0, idx |-> 0],
    accepted |-> 0 ],
  [ type |-> "commit",
    from |-> n0,
    to |-> n1,
    nonce |-> 0,
    slot |-> 2,
    entry |-> [era |-> 0, kind |-> "genesis", value |-> "genesis-value"],
    committed |-> 2,
    view |-> [era |-> 0, idx |-> 0],
    priorView |-> [era |-> 0, idx |-> 0],
    routeEra |-> 0,
    history |-> <<>>,
    retained |-> [era |-> 0, idx |-> 0],
    accepted |-> 0 ],
  [ type |-> "commit",
    from |-> n0,
    to |-> n2,
    nonce |-> 0,
    slot |-> 2,
    entry |-> [era |-> 0, kind |-> "genesis", value |-> "genesis-value"],
    committed |-> 2,
    view |-> [era |-> 0, idx |-> 0],
    priorView |-> [era |-> 0, idx |-> 0],
    routeEra |-> 0,
    history |-> <<>>,
    retained |-> [era |-> 0, idx |-> 0],
    accepted |-> 0 ],
  [ type |-> "start-view-change",
    from |-> n1,
    to |-> n0,
    nonce |-> 0,
    slot |-> 0,
    entry |-> [era |-> 0, kind |-> "genesis", value |-> "genesis-value"],
    committed |-> 0,
    view |-> [era |-> 0, idx |-> 1],
    priorView |-> [era |-> 0, idx |-> 1],
    routeEra |-> 0,
    history |-> <<>>,
    retained |-> [era |-> 0, idx |-> 1],
    accepted |-> 0 ],
  [ type |-> "start-view-change",
    from |-> n1,
    to |-> n1,
    nonce |-> 0,
    slot |-> 0,
    entry |-> [era |-> 0, kind |-> "genesis", value |-> "genesis-value"],
    committed |-> 0,
    view |-> [era |-> 0, idx |-> 1],
    priorView |-> [era |-> 0, idx |-> 1],
    routeEra |-> 0,
    history |-> <<>>,
    retained |-> [era |-> 0, idx |-> 1],
    accepted |-> 0 ],
  [ type |-> "start-view-change",
    from |-> n1,
    to |-> n2,
    nonce |-> 0,
    slot |-> 0,
    entry |-> [era |-> 0, kind |-> "genesis", value |-> "genesis-value"],
    committed |-> 0,
    view |-> [era |-> 0, idx |-> 1],
    priorView |-> [era |-> 0, idx |-> 1],
    routeEra |-> 0,
    history |-> <<>>,
    retained |-> [era |-> 0, idx |-> 1],
    accepted |-> 0 ],
  [ type |-> "start-view-change",
    from |-> n2,
    to |-> n0,
    nonce |-> 0,
    slot |-> 0,
    entry |-> [era |-> 0, kind |-> "genesis", value |-> "genesis-value"],
    committed |-> 0,
    view |-> [era |-> 0, idx |-> 1],
    priorView |-> [era |-> 0, idx |-> 1],
    routeEra |-> 0,
    history |-> <<>>,
    retained |-> [era |-> 0, idx |-> 1],
    accepted |-> 0 ],
  [ type |-> "start-view-change",
    from |-> n2,
    to |-> n1,
    nonce |-> 0,
    slot |-> 0,
    entry |-> [era |-> 0, kind |-> "genesis", value |-> "genesis-value"],
    committed |-> 0,
    view |-> [era |-> 0, idx |-> 1],
    priorView |-> [era |-> 0, idx |-> 1],
    routeEra |-> 0,
    history |-> <<>>,
    retained |-> [era |-> 0, idx |-> 1],
    accepted |-> 0 ],
  [ type |-> "start-view-change",
    from |-> n2,
    to |-> n2,
    nonce |-> 0,
    slot |-> 0,
    entry |-> [era |-> 0, kind |-> "genesis", value |-> "genesis-value"],
    committed |-> 0,
    view |-> [era |-> 0, idx |-> 1],
    priorView |-> [era |-> 0, idx |-> 1],
    routeEra |-> 0,
    history |-> <<>>,
    retained |-> [era |-> 0, idx |-> 1],
    accepted |-> 0 ],
  [ type |-> "do-view-change",
    from |-> n1,
    to |-> n1,
    nonce |-> 0,
    slot |-> 1,
    entry |-> [era |-> 0, kind |-> "genesis", value |-> "genesis-value"],
    committed |-> 1,
    view |-> [era |-> 0, idx |-> 1],
    priorView |-> [era |-> 0, idx |-> 1],
    routeEra |-> 0,
    history |-> <<[era |-> 0, kind |-> "genesis", value |-> "genesis-value"]>>,
    retained |-> [era |-> 0, idx |-> 0],
    accepted |-> 1 ],
  [ type |-> "do-view-change",
    from |-> n2,
    to |-> n1,
    nonce |-> 0,
    slot |-> 1,
    entry |-> [era |-> 0, kind |-> "genesis", value |-> "genesis-value"],
    committed |-> 1,
    view |-> [era |-> 0, idx |-> 1],
    priorView |-> [era |-> 0, idx |-> 1],
    routeEra |-> 0,
    history |-> <<[era |-> 0, kind |-> "genesis", value |-> "genesis-value"]>>,
    retained |-> [era |-> 0, idx |-> 0],
    accepted |-> 1 ],
  [ type |-> "start-view",
    from |-> n1,
    to |-> n0,
    nonce |-> 0,
    slot |-> 1,
    entry |-> [era |-> 0, kind |-> "genesis", value |-> "genesis-value"],
    committed |-> 1,
    view |-> [era |-> 0, idx |-> 1],
    priorView |-> [era |-> 0, idx |-> 1],
    routeEra |-> 0,
    history |-> <<[era |-> 0, kind |-> "genesis", value |-> "genesis-value"]>>,
    retained |-> [era |-> 0, idx |-> 1],
    accepted |-> 1 ],
  [ type |-> "start-view",
    from |-> n1,
    to |-> n2,
    nonce |-> 0,
    slot |-> 1,
    entry |-> [era |-> 0, kind |-> "genesis", value |-> "genesis-value"],
    committed |-> 1,
    view |-> [era |-> 0, idx |-> 1],
    priorView |-> [era |-> 0, idx |-> 1],
    routeEra |-> 0,
    history |-> <<[era |-> 0, kind |-> "genesis", value |-> "genesis-value"]>>,
    retained |-> [era |-> 0, idx |-> 1],
    accepted |-> 1 ],
  [ type |-> "recovery",
    from |-> n1,
    to |-> n0,
    nonce |-> 1,
    slot |-> 0,
    entry |-> [era |-> 0, kind |-> "genesis", value |-> "genesis-value"],
    committed |-> 0,
    view |-> [era |-> 0, idx |-> 0],
    priorView |-> [era |-> 0, idx |-> 0],
    routeEra |-> 0,
    history |-> <<>>,
    retained |-> [era |-> 0, idx |-> 0],
    accepted |-> 0 ],
  [ type |-> "recovery",
    from |-> n1,
    to |-> n2,
    nonce |-> 1,
    slot |-> 0,
    entry |-> [era |-> 0, kind |-> "genesis", value |-> "genesis-value"],
    committed |-> 0,
    view |-> [era |-> 0, idx |-> 0],
    priorView |-> [era |-> 0, idx |-> 0],
    routeEra |-> 0,
    history |-> <<>>,
    retained |-> [era |-> 0, idx |-> 0],
    accepted |-> 0 ],
  [ type |-> "recovery",
    from |-> n2,
    to |-> n0,
    nonce |-> 1,
    slot |-> 0,
    entry |-> [era |-> 0, kind |-> "genesis", value |-> "genesis-value"],
    committed |-> 0,
    view |-> [era |-> 0, idx |-> 0],
    priorView |-> [era |-> 0, idx |-> 0],
    routeEra |-> 0,
    history |-> <<>>,
    retained |-> [era |-> 0, idx |-> 0],
    accepted |-> 0 ],
  [ type |-> "recovery",
    from |-> n2,
    to |-> n0,
    nonce |-> 2,
    slot |-> 0,
    entry |-> [era |-> 0, kind |-> "genesis", value |-> "genesis-value"],
    committed |-> 0,
    view |-> [era |-> 0, idx |-> 0],
    priorView |-> [era |-> 0, idx |-> 0],
    routeEra |-> 0,
    history |-> <<>>,
    retained |-> [era |-> 0, idx |-> 0],
    accepted |-> 0 ],
  [ type |-> "recovery",
    from |-> n2,
    to |-> n1,
    nonce |-> 1,
    slot |-> 0,
    entry |-> [era |-> 0, kind |-> "genesis", value |-> "genesis-value"],
    committed |-> 0,
    view |-> [era |-> 0, idx |-> 0],
    priorView |-> [era |-> 0, idx |-> 0],
    routeEra |-> 0,
    history |-> <<>>,
    retained |-> [era |-> 0, idx |-> 0],
    accepted |-> 0 ],
  [ type |-> "recovery",
    from |-> n2,
    to |-> n1,
    nonce |-> 2,
    slot |-> 0,
    entry |-> [era |-> 0, kind |-> "genesis", value |-> "genesis-value"],
    committed |-> 0,
    view |-> [era |-> 0, idx |-> 0],
    priorView |-> [era |-> 0, idx |-> 0],
    routeEra |-> 0,
    history |-> <<>>,
    retained |-> [era |-> 0, idx |-> 0],
    accepted |-> 0 ],
  [ type |-> "recovery-response",
    from |-> n0,
    to |-> n1,
    nonce |-> 1,
    slot |-> 0,
    entry |-> [era |-> 0, kind |-> "genesis", value |-> "genesis-value"],
    committed |-> 1,
    view |-> [era |-> 0, idx |-> 0],
    priorView |-> [era |-> 0, idx |-> 0],
    routeEra |-> 0,
    history |-> <<[era |-> 0, kind |-> "genesis", value |-> "genesis-value"]>>,
    retained |-> [era |-> 0, idx |-> 0],
    accepted |-> 1 ],
  [ type |-> "recovery-response",
    from |-> n0,
    to |-> n2,
    nonce |-> 1,
    slot |-> 0,
    entry |-> [era |-> 0, kind |-> "genesis", value |-> "genesis-value"],
    committed |-> 1,
    view |-> [era |-> 0, idx |-> 0],
    priorView |-> [era |-> 0, idx |-> 0],
    routeEra |-> 0,
    history |-> <<[era |-> 0, kind |-> "genesis", value |-> "genesis-value"]>>,
    retained |-> [era |-> 0, idx |-> 0],
    accepted |-> 1 ],
  [ type |-> "recovery-response",
    from |-> n0,
    to |-> n2,
    nonce |-> 2,
    slot |-> 0,
    entry |-> [era |-> 0, kind |-> "genesis", value |-> "genesis-value"],
    committed |-> 2,
    view |-> [era |-> 0, idx |-> 0],
    priorView |-> [era |-> 0, idx |-> 0],
    routeEra |-> 0,
    history |->
        << [era |-> 0, kind |-> "genesis", value |-> "genesis-value"],
           [era |-> 0, kind |-> "command", value |-> "x"] >>,
    retained |-> [era |-> 0, idx |-> 0],
    accepted |-> 2 ],
  [ type |-> "recovery-response",
    from |-> n1,
    to |-> n2,
    nonce |-> 1,
    slot |-> 0,
    entry |-> [era |-> 0, kind |-> "genesis", value |-> "genesis-value"],
    committed |-> 1,
    view |-> [era |-> 0, idx |-> 0],
    priorView |-> [era |-> 0, idx |-> 0],
    routeEra |-> 0,
    history |-> <<>>,
    retained |-> [era |-> 0, idx |-> 0],
    accepted |-> 1 ],
  [ type |-> "recovery-response",
    from |-> n1,
    to |-> n2,
    nonce |-> 2,
    slot |-> 0,
    entry |-> [era |-> 0, kind |-> "genesis", value |-> "genesis-value"],
    committed |-> 1,
    view |-> [era |-> 0, idx |-> 1],
    priorView |-> [era |-> 0, idx |-> 1],
    routeEra |-> 0,
    history |-> <<[era |-> 0, kind |-> "genesis", value |-> "genesis-value"]>>,
    retained |-> [era |-> 0, idx |-> 1],
    accepted |-> 1 ],
  [ type |-> "recovery-response",
    from |-> n2,
    to |-> n1,
    nonce |-> 1,
    slot |-> 0,
    entry |-> [era |-> 0, kind |-> "genesis", value |-> "genesis-value"],
    committed |-> 1,
    view |-> [era |-> 0, idx |-> 0],
    priorView |-> [era |-> 0, idx |-> 0],
    routeEra |-> 0,
    history |-> <<>>,
    retained |-> [era |-> 0, idx |-> 0],
    accepted |-> 1 ] }

State 30: <TraceNext line 74, col 14 to line 78, col 75 of module DelayedFence>
/\ retainedView = ( n0 :> [era |-> 0, idx |-> 0] @@
  n1 :> [era |-> 0, idx |-> 1] @@
  n2 :> [era |-> 0, idx |-> 0] )
/\ overlapStreamed = FALSE
/\ everEnteredViewChange = TRUE
/\ recoveryNonces = (n0 :> {} @@ n1 :> {} @@ n2 :> {2})
/\ logs = ( n0 :>
      << [era |-> 0, kind |-> "genesis", value |-> "genesis-value"],
         [era |-> 0, kind |-> "command", value |-> "x"] >> @@
  n1 :> <<[era |-> 0, kind |-> "genesis", value |-> "genesis-value"]>> @@
  n2 :> <<[era |-> 0, kind |-> "genesis", value |-> "genesis-value"]>> )
/\ historicalCommitted = { [ slot |-> 1,
    entry |-> [era |-> 0, kind |-> "genesis", value |-> "genesis-value"] ],
  [slot |-> 2, entry |-> [era |-> 0, kind |-> "command", value |-> "x"]] }
/\ recoveryEvidence = { [ type |-> "recovery-response",
    from |-> n0,
    to |-> n2,
    nonce |-> 2,
    slot |-> 0,
    entry |-> [era |-> 0, kind |-> "genesis", value |-> "genesis-value"],
    committed |-> 2,
    view |-> [era |-> 0, idx |-> 0],
    priorView |-> [era |-> 0, idx |-> 0],
    routeEra |-> 0,
    history |->
        << [era |-> 0, kind |-> "genesis", value |-> "genesis-value"],
           [era |-> 0, kind |-> "command", value |-> "x"] >>,
    retained |-> [era |-> 0, idx |-> 0],
    accepted |-> 2 ] }
/\ castOccurred = FALSE
/\ epochs = (n0 :> 0 @@ n1 :> 1 @@ n2 :> 2)
/\ pc = 29
/\ currentView = ( n0 :> [era |-> 0, idx |-> 0] @@
  n1 :> [era |-> 0, idx |-> 1] @@
  n2 :> [era |-> 0, idx |-> 0] )
/\ committed = (n0 :> 2 @@ n1 :> 1 @@ n2 :> 1)
/\ status = (n0 :> "normal" @@ n1 :> "normal" @@ n2 :> "recovering")
/\ messages = { [ type |-> "prepare",
    from |-> n0,
    to |-> n1,
    nonce |-> 0,
    slot |-> 2,
    entry |-> [era |-> 0, kind |-> "command", value |-> "x"],
    committed |-> 1,
    view |-> [era |-> 0, idx |-> 0],
    priorView |-> [era |-> 0, idx |-> 0],
    routeEra |-> 0,
    history |-> <<>>,
    retained |-> [era |-> 0, idx |-> 0],
    accepted |-> 0 ],
  [ type |-> "prepare",
    from |-> n0,
    to |-> n2,
    nonce |-> 0,
    slot |-> 2,
    entry |-> [era |-> 0, kind |-> "command", value |-> "x"],
    committed |-> 1,
    view |-> [era |-> 0, idx |-> 0],
    priorView |-> [era |-> 0, idx |-> 0],
    routeEra |-> 0,
    history |-> <<>>,
    retained |-> [era |-> 0, idx |-> 0],
    accepted |-> 0 ],
  [ type |-> "prepare-ok",
    from |-> n2,
    to |-> n0,
    nonce |-> 0,
    slot |-> 2,
    entry |-> [era |-> 0, kind |-> "genesis", value |-> "genesis-value"],
    committed |-> 0,
    view |-> [era |-> 0, idx |-> 0],
    priorView |-> [era |-> 0, idx |-> 0],
    routeEra |-> 0,
    history |-> <<>>,
    retained |-> [era |-> 0, idx |-> 0],
    accepted |-> 0 ],
  [ type |-> "commit",
    from |-> n0,
    to |-> n1,
    nonce |-> 0,
    slot |-> 2,
    entry |-> [era |-> 0, kind |-> "genesis", value |-> "genesis-value"],
    committed |-> 2,
    view |-> [era |-> 0, idx |-> 0],
    priorView |-> [era |-> 0, idx |-> 0],
    routeEra |-> 0,
    history |-> <<>>,
    retained |-> [era |-> 0, idx |-> 0],
    accepted |-> 0 ],
  [ type |-> "commit",
    from |-> n0,
    to |-> n2,
    nonce |-> 0,
    slot |-> 2,
    entry |-> [era |-> 0, kind |-> "genesis", value |-> "genesis-value"],
    committed |-> 2,
    view |-> [era |-> 0, idx |-> 0],
    priorView |-> [era |-> 0, idx |-> 0],
    routeEra |-> 0,
    history |-> <<>>,
    retained |-> [era |-> 0, idx |-> 0],
    accepted |-> 0 ],
  [ type |-> "start-view-change",
    from |-> n1,
    to |-> n0,
    nonce |-> 0,
    slot |-> 0,
    entry |-> [era |-> 0, kind |-> "genesis", value |-> "genesis-value"],
    committed |-> 0,
    view |-> [era |-> 0, idx |-> 1],
    priorView |-> [era |-> 0, idx |-> 1],
    routeEra |-> 0,
    history |-> <<>>,
    retained |-> [era |-> 0, idx |-> 1],
    accepted |-> 0 ],
  [ type |-> "start-view-change",
    from |-> n1,
    to |-> n1,
    nonce |-> 0,
    slot |-> 0,
    entry |-> [era |-> 0, kind |-> "genesis", value |-> "genesis-value"],
    committed |-> 0,
    view |-> [era |-> 0, idx |-> 1],
    priorView |-> [era |-> 0, idx |-> 1],
    routeEra |-> 0,
    history |-> <<>>,
    retained |-> [era |-> 0, idx |-> 1],
    accepted |-> 0 ],
  [ type |-> "start-view-change",
    from |-> n1,
    to |-> n2,
    nonce |-> 0,
    slot |-> 0,
    entry |-> [era |-> 0, kind |-> "genesis", value |-> "genesis-value"],
    committed |-> 0,
    view |-> [era |-> 0, idx |-> 1],
    priorView |-> [era |-> 0, idx |-> 1],
    routeEra |-> 0,
    history |-> <<>>,
    retained |-> [era |-> 0, idx |-> 1],
    accepted |-> 0 ],
  [ type |-> "start-view-change",
    from |-> n2,
    to |-> n0,
    nonce |-> 0,
    slot |-> 0,
    entry |-> [era |-> 0, kind |-> "genesis", value |-> "genesis-value"],
    committed |-> 0,
    view |-> [era |-> 0, idx |-> 1],
    priorView |-> [era |-> 0, idx |-> 1],
    routeEra |-> 0,
    history |-> <<>>,
    retained |-> [era |-> 0, idx |-> 1],
    accepted |-> 0 ],
  [ type |-> "start-view-change",
    from |-> n2,
    to |-> n1,
    nonce |-> 0,
    slot |-> 0,
    entry |-> [era |-> 0, kind |-> "genesis", value |-> "genesis-value"],
    committed |-> 0,
    view |-> [era |-> 0, idx |-> 1],
    priorView |-> [era |-> 0, idx |-> 1],
    routeEra |-> 0,
    history |-> <<>>,
    retained |-> [era |-> 0, idx |-> 1],
    accepted |-> 0 ],
  [ type |-> "start-view-change",
    from |-> n2,
    to |-> n2,
    nonce |-> 0,
    slot |-> 0,
    entry |-> [era |-> 0, kind |-> "genesis", value |-> "genesis-value"],
    committed |-> 0,
    view |-> [era |-> 0, idx |-> 1],
    priorView |-> [era |-> 0, idx |-> 1],
    routeEra |-> 0,
    history |-> <<>>,
    retained |-> [era |-> 0, idx |-> 1],
    accepted |-> 0 ],
  [ type |-> "do-view-change",
    from |-> n1,
    to |-> n1,
    nonce |-> 0,
    slot |-> 1,
    entry |-> [era |-> 0, kind |-> "genesis", value |-> "genesis-value"],
    committed |-> 1,
    view |-> [era |-> 0, idx |-> 1],
    priorView |-> [era |-> 0, idx |-> 1],
    routeEra |-> 0,
    history |-> <<[era |-> 0, kind |-> "genesis", value |-> "genesis-value"]>>,
    retained |-> [era |-> 0, idx |-> 0],
    accepted |-> 1 ],
  [ type |-> "do-view-change",
    from |-> n2,
    to |-> n1,
    nonce |-> 0,
    slot |-> 1,
    entry |-> [era |-> 0, kind |-> "genesis", value |-> "genesis-value"],
    committed |-> 1,
    view |-> [era |-> 0, idx |-> 1],
    priorView |-> [era |-> 0, idx |-> 1],
    routeEra |-> 0,
    history |-> <<[era |-> 0, kind |-> "genesis", value |-> "genesis-value"]>>,
    retained |-> [era |-> 0, idx |-> 0],
    accepted |-> 1 ],
  [ type |-> "start-view",
    from |-> n1,
    to |-> n0,
    nonce |-> 0,
    slot |-> 1,
    entry |-> [era |-> 0, kind |-> "genesis", value |-> "genesis-value"],
    committed |-> 1,
    view |-> [era |-> 0, idx |-> 1],
    priorView |-> [era |-> 0, idx |-> 1],
    routeEra |-> 0,
    history |-> <<[era |-> 0, kind |-> "genesis", value |-> "genesis-value"]>>,
    retained |-> [era |-> 0, idx |-> 1],
    accepted |-> 1 ],
  [ type |-> "start-view",
    from |-> n1,
    to |-> n2,
    nonce |-> 0,
    slot |-> 1,
    entry |-> [era |-> 0, kind |-> "genesis", value |-> "genesis-value"],
    committed |-> 1,
    view |-> [era |-> 0, idx |-> 1],
    priorView |-> [era |-> 0, idx |-> 1],
    routeEra |-> 0,
    history |-> <<[era |-> 0, kind |-> "genesis", value |-> "genesis-value"]>>,
    retained |-> [era |-> 0, idx |-> 1],
    accepted |-> 1 ],
  [ type |-> "recovery",
    from |-> n1,
    to |-> n0,
    nonce |-> 1,
    slot |-> 0,
    entry |-> [era |-> 0, kind |-> "genesis", value |-> "genesis-value"],
    committed |-> 0,
    view |-> [era |-> 0, idx |-> 0],
    priorView |-> [era |-> 0, idx |-> 0],
    routeEra |-> 0,
    history |-> <<>>,
    retained |-> [era |-> 0, idx |-> 0],
    accepted |-> 0 ],
  [ type |-> "recovery",
    from |-> n1,
    to |-> n2,
    nonce |-> 1,
    slot |-> 0,
    entry |-> [era |-> 0, kind |-> "genesis", value |-> "genesis-value"],
    committed |-> 0,
    view |-> [era |-> 0, idx |-> 0],
    priorView |-> [era |-> 0, idx |-> 0],
    routeEra |-> 0,
    history |-> <<>>,
    retained |-> [era |-> 0, idx |-> 0],
    accepted |-> 0 ],
  [ type |-> "recovery",
    from |-> n2,
    to |-> n0,
    nonce |-> 1,
    slot |-> 0,
    entry |-> [era |-> 0, kind |-> "genesis", value |-> "genesis-value"],
    committed |-> 0,
    view |-> [era |-> 0, idx |-> 0],
    priorView |-> [era |-> 0, idx |-> 0],
    routeEra |-> 0,
    history |-> <<>>,
    retained |-> [era |-> 0, idx |-> 0],
    accepted |-> 0 ],
  [ type |-> "recovery",
    from |-> n2,
    to |-> n0,
    nonce |-> 2,
    slot |-> 0,
    entry |-> [era |-> 0, kind |-> "genesis", value |-> "genesis-value"],
    committed |-> 0,
    view |-> [era |-> 0, idx |-> 0],
    priorView |-> [era |-> 0, idx |-> 0],
    routeEra |-> 0,
    history |-> <<>>,
    retained |-> [era |-> 0, idx |-> 0],
    accepted |-> 0 ],
  [ type |-> "recovery",
    from |-> n2,
    to |-> n1,
    nonce |-> 1,
    slot |-> 0,
    entry |-> [era |-> 0, kind |-> "genesis", value |-> "genesis-value"],
    committed |-> 0,
    view |-> [era |-> 0, idx |-> 0],
    priorView |-> [era |-> 0, idx |-> 0],
    routeEra |-> 0,
    history |-> <<>>,
    retained |-> [era |-> 0, idx |-> 0],
    accepted |-> 0 ],
  [ type |-> "recovery",
    from |-> n2,
    to |-> n1,
    nonce |-> 2,
    slot |-> 0,
    entry |-> [era |-> 0, kind |-> "genesis", value |-> "genesis-value"],
    committed |-> 0,
    view |-> [era |-> 0, idx |-> 0],
    priorView |-> [era |-> 0, idx |-> 0],
    routeEra |-> 0,
    history |-> <<>>,
    retained |-> [era |-> 0, idx |-> 0],
    accepted |-> 0 ],
  [ type |-> "recovery-response",
    from |-> n0,
    to |-> n1,
    nonce |-> 1,
    slot |-> 0,
    entry |-> [era |-> 0, kind |-> "genesis", value |-> "genesis-value"],
    committed |-> 1,
    view |-> [era |-> 0, idx |-> 0],
    priorView |-> [era |-> 0, idx |-> 0],
    routeEra |-> 0,
    history |-> <<[era |-> 0, kind |-> "genesis", value |-> "genesis-value"]>>,
    retained |-> [era |-> 0, idx |-> 0],
    accepted |-> 1 ],
  [ type |-> "recovery-response",
    from |-> n0,
    to |-> n2,
    nonce |-> 1,
    slot |-> 0,
    entry |-> [era |-> 0, kind |-> "genesis", value |-> "genesis-value"],
    committed |-> 1,
    view |-> [era |-> 0, idx |-> 0],
    priorView |-> [era |-> 0, idx |-> 0],
    routeEra |-> 0,
    history |-> <<[era |-> 0, kind |-> "genesis", value |-> "genesis-value"]>>,
    retained |-> [era |-> 0, idx |-> 0],
    accepted |-> 1 ],
  [ type |-> "recovery-response",
    from |-> n0,
    to |-> n2,
    nonce |-> 2,
    slot |-> 0,
    entry |-> [era |-> 0, kind |-> "genesis", value |-> "genesis-value"],
    committed |-> 2,
    view |-> [era |-> 0, idx |-> 0],
    priorView |-> [era |-> 0, idx |-> 0],
    routeEra |-> 0,
    history |->
        << [era |-> 0, kind |-> "genesis", value |-> "genesis-value"],
           [era |-> 0, kind |-> "command", value |-> "x"] >>,
    retained |-> [era |-> 0, idx |-> 0],
    accepted |-> 2 ],
  [ type |-> "recovery-response",
    from |-> n1,
    to |-> n2,
    nonce |-> 1,
    slot |-> 0,
    entry |-> [era |-> 0, kind |-> "genesis", value |-> "genesis-value"],
    committed |-> 1,
    view |-> [era |-> 0, idx |-> 0],
    priorView |-> [era |-> 0, idx |-> 0],
    routeEra |-> 0,
    history |-> <<>>,
    retained |-> [era |-> 0, idx |-> 0],
    accepted |-> 1 ],
  [ type |-> "recovery-response",
    from |-> n1,
    to |-> n2,
    nonce |-> 2,
    slot |-> 0,
    entry |-> [era |-> 0, kind |-> "genesis", value |-> "genesis-value"],
    committed |-> 1,
    view |-> [era |-> 0, idx |-> 1],
    priorView |-> [era |-> 0, idx |-> 1],
    routeEra |-> 0,
    history |-> <<[era |-> 0, kind |-> "genesis", value |-> "genesis-value"]>>,
    retained |-> [era |-> 0, idx |-> 1],
    accepted |-> 1 ],
  [ type |-> "recovery-response",
    from |-> n2,
    to |-> n1,
    nonce |-> 1,
    slot |-> 0,
    entry |-> [era |-> 0, kind |-> "genesis", value |-> "genesis-value"],
    committed |-> 1,
    view |-> [era |-> 0, idx |-> 0],
    priorView |-> [era |-> 0, idx |-> 0],
    routeEra |-> 0,
    history |-> <<>>,
    retained |-> [era |-> 0, idx |-> 0],
    accepted |-> 1 ] }

State 31: <TraceNext line 74, col 14 to line 78, col 75 of module DelayedFence>
/\ retainedView = ( n0 :> [era |-> 0, idx |-> 0] @@
  n1 :> [era |-> 0, idx |-> 1] @@
  n2 :> [era |-> 0, idx |-> 0] )
/\ overlapStreamed = FALSE
/\ everEnteredViewChange = TRUE
/\ recoveryNonces = (n0 :> {} @@ n1 :> {} @@ n2 :> {2})
/\ logs = ( n0 :>
      << [era |-> 0, kind |-> "genesis", value |-> "genesis-value"],
         [era |-> 0, kind |-> "command", value |-> "x"] >> @@
  n1 :> <<[era |-> 0, kind |-> "genesis", value |-> "genesis-value"]>> @@
  n2 :> <<[era |-> 0, kind |-> "genesis", value |-> "genesis-value"]>> )
/\ historicalCommitted = { [ slot |-> 1,
    entry |-> [era |-> 0, kind |-> "genesis", value |-> "genesis-value"] ],
  [slot |-> 2, entry |-> [era |-> 0, kind |-> "command", value |-> "x"]] }
/\ recoveryEvidence = { [ type |-> "recovery-response",
    from |-> n0,
    to |-> n2,
    nonce |-> 2,
    slot |-> 0,
    entry |-> [era |-> 0, kind |-> "genesis", value |-> "genesis-value"],
    committed |-> 2,
    view |-> [era |-> 0, idx |-> 0],
    priorView |-> [era |-> 0, idx |-> 0],
    routeEra |-> 0,
    history |->
        << [era |-> 0, kind |-> "genesis", value |-> "genesis-value"],
           [era |-> 0, kind |-> "command", value |-> "x"] >>,
    retained |-> [era |-> 0, idx |-> 0],
    accepted |-> 2 ],
  [ type |-> "recovery-response",
    from |-> n1,
    to |-> n2,
    nonce |-> 2,
    slot |-> 0,
    entry |-> [era |-> 0, kind |-> "genesis", value |-> "genesis-value"],
    committed |-> 1,
    view |-> [era |-> 0, idx |-> 1],
    priorView |-> [era |-> 0, idx |-> 1],
    routeEra |-> 0,
    history |-> <<[era |-> 0, kind |-> "genesis", value |-> "genesis-value"]>>,
    retained |-> [era |-> 0, idx |-> 1],
    accepted |-> 1 ] }
/\ castOccurred = FALSE
/\ epochs = (n0 :> 0 @@ n1 :> 1 @@ n2 :> 2)
/\ pc = 30
/\ currentView = ( n0 :> [era |-> 0, idx |-> 0] @@
  n1 :> [era |-> 0, idx |-> 1] @@
  n2 :> [era |-> 0, idx |-> 0] )
/\ committed = (n0 :> 2 @@ n1 :> 1 @@ n2 :> 1)
/\ status = (n0 :> "normal" @@ n1 :> "normal" @@ n2 :> "recovering")
/\ messages = { [ type |-> "prepare",
    from |-> n0,
    to |-> n1,
    nonce |-> 0,
    slot |-> 2,
    entry |-> [era |-> 0, kind |-> "command", value |-> "x"],
    committed |-> 1,
    view |-> [era |-> 0, idx |-> 0],
    priorView |-> [era |-> 0, idx |-> 0],
    routeEra |-> 0,
    history |-> <<>>,
    retained |-> [era |-> 0, idx |-> 0],
    accepted |-> 0 ],
  [ type |-> "prepare",
    from |-> n0,
    to |-> n2,
    nonce |-> 0,
    slot |-> 2,
    entry |-> [era |-> 0, kind |-> "command", value |-> "x"],
    committed |-> 1,
    view |-> [era |-> 0, idx |-> 0],
    priorView |-> [era |-> 0, idx |-> 0],
    routeEra |-> 0,
    history |-> <<>>,
    retained |-> [era |-> 0, idx |-> 0],
    accepted |-> 0 ],
  [ type |-> "prepare-ok",
    from |-> n2,
    to |-> n0,
    nonce |-> 0,
    slot |-> 2,
    entry |-> [era |-> 0, kind |-> "genesis", value |-> "genesis-value"],
    committed |-> 0,
    view |-> [era |-> 0, idx |-> 0],
    priorView |-> [era |-> 0, idx |-> 0],
    routeEra |-> 0,
    history |-> <<>>,
    retained |-> [era |-> 0, idx |-> 0],
    accepted |-> 0 ],
  [ type |-> "commit",
    from |-> n0,
    to |-> n1,
    nonce |-> 0,
    slot |-> 2,
    entry |-> [era |-> 0, kind |-> "genesis", value |-> "genesis-value"],
    committed |-> 2,
    view |-> [era |-> 0, idx |-> 0],
    priorView |-> [era |-> 0, idx |-> 0],
    routeEra |-> 0,
    history |-> <<>>,
    retained |-> [era |-> 0, idx |-> 0],
    accepted |-> 0 ],
  [ type |-> "commit",
    from |-> n0,
    to |-> n2,
    nonce |-> 0,
    slot |-> 2,
    entry |-> [era |-> 0, kind |-> "genesis", value |-> "genesis-value"],
    committed |-> 2,
    view |-> [era |-> 0, idx |-> 0],
    priorView |-> [era |-> 0, idx |-> 0],
    routeEra |-> 0,
    history |-> <<>>,
    retained |-> [era |-> 0, idx |-> 0],
    accepted |-> 0 ],
  [ type |-> "start-view-change",
    from |-> n1,
    to |-> n0,
    nonce |-> 0,
    slot |-> 0,
    entry |-> [era |-> 0, kind |-> "genesis", value |-> "genesis-value"],
    committed |-> 0,
    view |-> [era |-> 0, idx |-> 1],
    priorView |-> [era |-> 0, idx |-> 1],
    routeEra |-> 0,
    history |-> <<>>,
    retained |-> [era |-> 0, idx |-> 1],
    accepted |-> 0 ],
  [ type |-> "start-view-change",
    from |-> n1,
    to |-> n1,
    nonce |-> 0,
    slot |-> 0,
    entry |-> [era |-> 0, kind |-> "genesis", value |-> "genesis-value"],
    committed |-> 0,
    view |-> [era |-> 0, idx |-> 1],
    priorView |-> [era |-> 0, idx |-> 1],
    routeEra |-> 0,
    history |-> <<>>,
    retained |-> [era |-> 0, idx |-> 1],
    accepted |-> 0 ],
  [ type |-> "start-view-change",
    from |-> n1,
    to |-> n2,
    nonce |-> 0,
    slot |-> 0,
    entry |-> [era |-> 0, kind |-> "genesis", value |-> "genesis-value"],
    committed |-> 0,
    view |-> [era |-> 0, idx |-> 1],
    priorView |-> [era |-> 0, idx |-> 1],
    routeEra |-> 0,
    history |-> <<>>,
    retained |-> [era |-> 0, idx |-> 1],
    accepted |-> 0 ],
  [ type |-> "start-view-change",
    from |-> n2,
    to |-> n0,
    nonce |-> 0,
    slot |-> 0,
    entry |-> [era |-> 0, kind |-> "genesis", value |-> "genesis-value"],
    committed |-> 0,
    view |-> [era |-> 0, idx |-> 1],
    priorView |-> [era |-> 0, idx |-> 1],
    routeEra |-> 0,
    history |-> <<>>,
    retained |-> [era |-> 0, idx |-> 1],
    accepted |-> 0 ],
  [ type |-> "start-view-change",
    from |-> n2,
    to |-> n1,
    nonce |-> 0,
    slot |-> 0,
    entry |-> [era |-> 0, kind |-> "genesis", value |-> "genesis-value"],
    committed |-> 0,
    view |-> [era |-> 0, idx |-> 1],
    priorView |-> [era |-> 0, idx |-> 1],
    routeEra |-> 0,
    history |-> <<>>,
    retained |-> [era |-> 0, idx |-> 1],
    accepted |-> 0 ],
  [ type |-> "start-view-change",
    from |-> n2,
    to |-> n2,
    nonce |-> 0,
    slot |-> 0,
    entry |-> [era |-> 0, kind |-> "genesis", value |-> "genesis-value"],
    committed |-> 0,
    view |-> [era |-> 0, idx |-> 1],
    priorView |-> [era |-> 0, idx |-> 1],
    routeEra |-> 0,
    history |-> <<>>,
    retained |-> [era |-> 0, idx |-> 1],
    accepted |-> 0 ],
  [ type |-> "do-view-change",
    from |-> n1,
    to |-> n1,
    nonce |-> 0,
    slot |-> 1,
    entry |-> [era |-> 0, kind |-> "genesis", value |-> "genesis-value"],
    committed |-> 1,
    view |-> [era |-> 0, idx |-> 1],
    priorView |-> [era |-> 0, idx |-> 1],
    routeEra |-> 0,
    history |-> <<[era |-> 0, kind |-> "genesis", value |-> "genesis-value"]>>,
    retained |-> [era |-> 0, idx |-> 0],
    accepted |-> 1 ],
  [ type |-> "do-view-change",
    from |-> n2,
    to |-> n1,
    nonce |-> 0,
    slot |-> 1,
    entry |-> [era |-> 0, kind |-> "genesis", value |-> "genesis-value"],
    committed |-> 1,
    view |-> [era |-> 0, idx |-> 1],
    priorView |-> [era |-> 0, idx |-> 1],
    routeEra |-> 0,
    history |-> <<[era |-> 0, kind |-> "genesis", value |-> "genesis-value"]>>,
    retained |-> [era |-> 0, idx |-> 0],
    accepted |-> 1 ],
  [ type |-> "start-view",
    from |-> n1,
    to |-> n0,
    nonce |-> 0,
    slot |-> 1,
    entry |-> [era |-> 0, kind |-> "genesis", value |-> "genesis-value"],
    committed |-> 1,
    view |-> [era |-> 0, idx |-> 1],
    priorView |-> [era |-> 0, idx |-> 1],
    routeEra |-> 0,
    history |-> <<[era |-> 0, kind |-> "genesis", value |-> "genesis-value"]>>,
    retained |-> [era |-> 0, idx |-> 1],
    accepted |-> 1 ],
  [ type |-> "start-view",
    from |-> n1,
    to |-> n2,
    nonce |-> 0,
    slot |-> 1,
    entry |-> [era |-> 0, kind |-> "genesis", value |-> "genesis-value"],
    committed |-> 1,
    view |-> [era |-> 0, idx |-> 1],
    priorView |-> [era |-> 0, idx |-> 1],
    routeEra |-> 0,
    history |-> <<[era |-> 0, kind |-> "genesis", value |-> "genesis-value"]>>,
    retained |-> [era |-> 0, idx |-> 1],
    accepted |-> 1 ],
  [ type |-> "recovery",
    from |-> n1,
    to |-> n0,
    nonce |-> 1,
    slot |-> 0,
    entry |-> [era |-> 0, kind |-> "genesis", value |-> "genesis-value"],
    committed |-> 0,
    view |-> [era |-> 0, idx |-> 0],
    priorView |-> [era |-> 0, idx |-> 0],
    routeEra |-> 0,
    history |-> <<>>,
    retained |-> [era |-> 0, idx |-> 0],
    accepted |-> 0 ],
  [ type |-> "recovery",
    from |-> n1,
    to |-> n2,
    nonce |-> 1,
    slot |-> 0,
    entry |-> [era |-> 0, kind |-> "genesis", value |-> "genesis-value"],
    committed |-> 0,
    view |-> [era |-> 0, idx |-> 0],
    priorView |-> [era |-> 0, idx |-> 0],
    routeEra |-> 0,
    history |-> <<>>,
    retained |-> [era |-> 0, idx |-> 0],
    accepted |-> 0 ],
  [ type |-> "recovery",
    from |-> n2,
    to |-> n0,
    nonce |-> 1,
    slot |-> 0,
    entry |-> [era |-> 0, kind |-> "genesis", value |-> "genesis-value"],
    committed |-> 0,
    view |-> [era |-> 0, idx |-> 0],
    priorView |-> [era |-> 0, idx |-> 0],
    routeEra |-> 0,
    history |-> <<>>,
    retained |-> [era |-> 0, idx |-> 0],
    accepted |-> 0 ],
  [ type |-> "recovery",
    from |-> n2,
    to |-> n0,
    nonce |-> 2,
    slot |-> 0,
    entry |-> [era |-> 0, kind |-> "genesis", value |-> "genesis-value"],
    committed |-> 0,
    view |-> [era |-> 0, idx |-> 0],
    priorView |-> [era |-> 0, idx |-> 0],
    routeEra |-> 0,
    history |-> <<>>,
    retained |-> [era |-> 0, idx |-> 0],
    accepted |-> 0 ],
  [ type |-> "recovery",
    from |-> n2,
    to |-> n1,
    nonce |-> 1,
    slot |-> 0,
    entry |-> [era |-> 0, kind |-> "genesis", value |-> "genesis-value"],
    committed |-> 0,
    view |-> [era |-> 0, idx |-> 0],
    priorView |-> [era |-> 0, idx |-> 0],
    routeEra |-> 0,
    history |-> <<>>,
    retained |-> [era |-> 0, idx |-> 0],
    accepted |-> 0 ],
  [ type |-> "recovery",
    from |-> n2,
    to |-> n1,
    nonce |-> 2,
    slot |-> 0,
    entry |-> [era |-> 0, kind |-> "genesis", value |-> "genesis-value"],
    committed |-> 0,
    view |-> [era |-> 0, idx |-> 0],
    priorView |-> [era |-> 0, idx |-> 0],
    routeEra |-> 0,
    history |-> <<>>,
    retained |-> [era |-> 0, idx |-> 0],
    accepted |-> 0 ],
  [ type |-> "recovery-response",
    from |-> n0,
    to |-> n1,
    nonce |-> 1,
    slot |-> 0,
    entry |-> [era |-> 0, kind |-> "genesis", value |-> "genesis-value"],
    committed |-> 1,
    view |-> [era |-> 0, idx |-> 0],
    priorView |-> [era |-> 0, idx |-> 0],
    routeEra |-> 0,
    history |-> <<[era |-> 0, kind |-> "genesis", value |-> "genesis-value"]>>,
    retained |-> [era |-> 0, idx |-> 0],
    accepted |-> 1 ],
  [ type |-> "recovery-response",
    from |-> n0,
    to |-> n2,
    nonce |-> 1,
    slot |-> 0,
    entry |-> [era |-> 0, kind |-> "genesis", value |-> "genesis-value"],
    committed |-> 1,
    view |-> [era |-> 0, idx |-> 0],
    priorView |-> [era |-> 0, idx |-> 0],
    routeEra |-> 0,
    history |-> <<[era |-> 0, kind |-> "genesis", value |-> "genesis-value"]>>,
    retained |-> [era |-> 0, idx |-> 0],
    accepted |-> 1 ],
  [ type |-> "recovery-response",
    from |-> n0,
    to |-> n2,
    nonce |-> 2,
    slot |-> 0,
    entry |-> [era |-> 0, kind |-> "genesis", value |-> "genesis-value"],
    committed |-> 2,
    view |-> [era |-> 0, idx |-> 0],
    priorView |-> [era |-> 0, idx |-> 0],
    routeEra |-> 0,
    history |->
        << [era |-> 0, kind |-> "genesis", value |-> "genesis-value"],
           [era |-> 0, kind |-> "command", value |-> "x"] >>,
    retained |-> [era |-> 0, idx |-> 0],
    accepted |-> 2 ],
  [ type |-> "recovery-response",
    from |-> n1,
    to |-> n2,
    nonce |-> 1,
    slot |-> 0,
    entry |-> [era |-> 0, kind |-> "genesis", value |-> "genesis-value"],
    committed |-> 1,
    view |-> [era |-> 0, idx |-> 0],
    priorView |-> [era |-> 0, idx |-> 0],
    routeEra |-> 0,
    history |-> <<>>,
    retained |-> [era |-> 0, idx |-> 0],
    accepted |-> 1 ],
  [ type |-> "recovery-response",
    from |-> n1,
    to |-> n2,
    nonce |-> 2,
    slot |-> 0,
    entry |-> [era |-> 0, kind |-> "genesis", value |-> "genesis-value"],
    committed |-> 1,
    view |-> [era |-> 0, idx |-> 1],
    priorView |-> [era |-> 0, idx |-> 1],
    routeEra |-> 0,
    history |-> <<[era |-> 0, kind |-> "genesis", value |-> "genesis-value"]>>,
    retained |-> [era |-> 0, idx |-> 1],
    accepted |-> 1 ],
  [ type |-> "recovery-response",
    from |-> n2,
    to |-> n1,
    nonce |-> 1,
    slot |-> 0,
    entry |-> [era |-> 0, kind |-> "genesis", value |-> "genesis-value"],
    committed |-> 1,
    view |-> [era |-> 0, idx |-> 0],
    priorView |-> [era |-> 0, idx |-> 0],
    routeEra |-> 0,
    history |-> <<>>,
    retained |-> [era |-> 0, idx |-> 0],
    accepted |-> 1 ] }

State 32: <TraceNext line 74, col 14 to line 78, col 75 of module DelayedFence>
/\ retainedView = ( n0 :> [era |-> 0, idx |-> 0] @@
  n1 :> [era |-> 0, idx |-> 1] @@
  n2 :> [era |-> 0, idx |-> 1] )
/\ overlapStreamed = FALSE
/\ everEnteredViewChange = TRUE
/\ recoveryNonces = (n0 :> {} @@ n1 :> {} @@ n2 :> {})
/\ logs = ( n0 :>
      << [era |-> 0, kind |-> "genesis", value |-> "genesis-value"],
         [era |-> 0, kind |-> "command", value |-> "x"] >> @@
  n1 :> <<[era |-> 0, kind |-> "genesis", value |-> "genesis-value"]>> @@
  n2 :> <<[era |-> 0, kind |-> "genesis", value |-> "genesis-value"]>> )
/\ historicalCommitted = { [ slot |-> 1,
    entry |-> [era |-> 0, kind |-> "genesis", value |-> "genesis-value"] ],
  [slot |-> 2, entry |-> [era |-> 0, kind |-> "command", value |-> "x"]] }
/\ recoveryEvidence = {}
/\ castOccurred = FALSE
/\ epochs = (n0 :> 0 @@ n1 :> 1 @@ n2 :> 2)
/\ pc = 31
/\ currentView = ( n0 :> [era |-> 0, idx |-> 0] @@
  n1 :> [era |-> 0, idx |-> 1] @@
  n2 :> [era |-> 0, idx |-> 1] )
/\ committed = (n0 :> 2 @@ n1 :> 1 @@ n2 :> 1)
/\ status = (n0 :> "normal" @@ n1 :> "normal" @@ n2 :> "normal")
/\ messages = { [ type |-> "prepare",
    from |-> n0,
    to |-> n1,
    nonce |-> 0,
    slot |-> 2,
    entry |-> [era |-> 0, kind |-> "command", value |-> "x"],
    committed |-> 1,
    view |-> [era |-> 0, idx |-> 0],
    priorView |-> [era |-> 0, idx |-> 0],
    routeEra |-> 0,
    history |-> <<>>,
    retained |-> [era |-> 0, idx |-> 0],
    accepted |-> 0 ],
  [ type |-> "prepare",
    from |-> n0,
    to |-> n2,
    nonce |-> 0,
    slot |-> 2,
    entry |-> [era |-> 0, kind |-> "command", value |-> "x"],
    committed |-> 1,
    view |-> [era |-> 0, idx |-> 0],
    priorView |-> [era |-> 0, idx |-> 0],
    routeEra |-> 0,
    history |-> <<>>,
    retained |-> [era |-> 0, idx |-> 0],
    accepted |-> 0 ],
  [ type |-> "prepare-ok",
    from |-> n2,
    to |-> n0,
    nonce |-> 0,
    slot |-> 2,
    entry |-> [era |-> 0, kind |-> "genesis", value |-> "genesis-value"],
    committed |-> 0,
    view |-> [era |-> 0, idx |-> 0],
    priorView |-> [era |-> 0, idx |-> 0],
    routeEra |-> 0,
    history |-> <<>>,
    retained |-> [era |-> 0, idx |-> 0],
    accepted |-> 0 ],
  [ type |-> "commit",
    from |-> n0,
    to |-> n1,
    nonce |-> 0,
    slot |-> 2,
    entry |-> [era |-> 0, kind |-> "genesis", value |-> "genesis-value"],
    committed |-> 2,
    view |-> [era |-> 0, idx |-> 0],
    priorView |-> [era |-> 0, idx |-> 0],
    routeEra |-> 0,
    history |-> <<>>,
    retained |-> [era |-> 0, idx |-> 0],
    accepted |-> 0 ],
  [ type |-> "commit",
    from |-> n0,
    to |-> n2,
    nonce |-> 0,
    slot |-> 2,
    entry |-> [era |-> 0, kind |-> "genesis", value |-> "genesis-value"],
    committed |-> 2,
    view |-> [era |-> 0, idx |-> 0],
    priorView |-> [era |-> 0, idx |-> 0],
    routeEra |-> 0,
    history |-> <<>>,
    retained |-> [era |-> 0, idx |-> 0],
    accepted |-> 0 ],
  [ type |-> "start-view-change",
    from |-> n1,
    to |-> n0,
    nonce |-> 0,
    slot |-> 0,
    entry |-> [era |-> 0, kind |-> "genesis", value |-> "genesis-value"],
    committed |-> 0,
    view |-> [era |-> 0, idx |-> 1],
    priorView |-> [era |-> 0, idx |-> 1],
    routeEra |-> 0,
    history |-> <<>>,
    retained |-> [era |-> 0, idx |-> 1],
    accepted |-> 0 ],
  [ type |-> "start-view-change",
    from |-> n1,
    to |-> n1,
    nonce |-> 0,
    slot |-> 0,
    entry |-> [era |-> 0, kind |-> "genesis", value |-> "genesis-value"],
    committed |-> 0,
    view |-> [era |-> 0, idx |-> 1],
    priorView |-> [era |-> 0, idx |-> 1],
    routeEra |-> 0,
    history |-> <<>>,
    retained |-> [era |-> 0, idx |-> 1],
    accepted |-> 0 ],
  [ type |-> "start-view-change",
    from |-> n1,
    to |-> n2,
    nonce |-> 0,
    slot |-> 0,
    entry |-> [era |-> 0, kind |-> "genesis", value |-> "genesis-value"],
    committed |-> 0,
    view |-> [era |-> 0, idx |-> 1],
    priorView |-> [era |-> 0, idx |-> 1],
    routeEra |-> 0,
    history |-> <<>>,
    retained |-> [era |-> 0, idx |-> 1],
    accepted |-> 0 ],
  [ type |-> "start-view-change",
    from |-> n2,
    to |-> n0,
    nonce |-> 0,
    slot |-> 0,
    entry |-> [era |-> 0, kind |-> "genesis", value |-> "genesis-value"],
    committed |-> 0,
    view |-> [era |-> 0, idx |-> 1],
    priorView |-> [era |-> 0, idx |-> 1],
    routeEra |-> 0,
    history |-> <<>>,
    retained |-> [era |-> 0, idx |-> 1],
    accepted |-> 0 ],
  [ type |-> "start-view-change",
    from |-> n2,
    to |-> n1,
    nonce |-> 0,
    slot |-> 0,
    entry |-> [era |-> 0, kind |-> "genesis", value |-> "genesis-value"],
    committed |-> 0,
    view |-> [era |-> 0, idx |-> 1],
    priorView |-> [era |-> 0, idx |-> 1],
    routeEra |-> 0,
    history |-> <<>>,
    retained |-> [era |-> 0, idx |-> 1],
    accepted |-> 0 ],
  [ type |-> "start-view-change",
    from |-> n2,
    to |-> n2,
    nonce |-> 0,
    slot |-> 0,
    entry |-> [era |-> 0, kind |-> "genesis", value |-> "genesis-value"],
    committed |-> 0,
    view |-> [era |-> 0, idx |-> 1],
    priorView |-> [era |-> 0, idx |-> 1],
    routeEra |-> 0,
    history |-> <<>>,
    retained |-> [era |-> 0, idx |-> 1],
    accepted |-> 0 ],
  [ type |-> "do-view-change",
    from |-> n1,
    to |-> n1,
    nonce |-> 0,
    slot |-> 1,
    entry |-> [era |-> 0, kind |-> "genesis", value |-> "genesis-value"],
    committed |-> 1,
    view |-> [era |-> 0, idx |-> 1],
    priorView |-> [era |-> 0, idx |-> 1],
    routeEra |-> 0,
    history |-> <<[era |-> 0, kind |-> "genesis", value |-> "genesis-value"]>>,
    retained |-> [era |-> 0, idx |-> 0],
    accepted |-> 1 ],
  [ type |-> "do-view-change",
    from |-> n2,
    to |-> n1,
    nonce |-> 0,
    slot |-> 1,
    entry |-> [era |-> 0, kind |-> "genesis", value |-> "genesis-value"],
    committed |-> 1,
    view |-> [era |-> 0, idx |-> 1],
    priorView |-> [era |-> 0, idx |-> 1],
    routeEra |-> 0,
    history |-> <<[era |-> 0, kind |-> "genesis", value |-> "genesis-value"]>>,
    retained |-> [era |-> 0, idx |-> 0],
    accepted |-> 1 ],
  [ type |-> "start-view",
    from |-> n1,
    to |-> n0,
    nonce |-> 0,
    slot |-> 1,
    entry |-> [era |-> 0, kind |-> "genesis", value |-> "genesis-value"],
    committed |-> 1,
    view |-> [era |-> 0, idx |-> 1],
    priorView |-> [era |-> 0, idx |-> 1],
    routeEra |-> 0,
    history |-> <<[era |-> 0, kind |-> "genesis", value |-> "genesis-value"]>>,
    retained |-> [era |-> 0, idx |-> 1],
    accepted |-> 1 ],
  [ type |-> "start-view",
    from |-> n1,
    to |-> n2,
    nonce |-> 0,
    slot |-> 1,
    entry |-> [era |-> 0, kind |-> "genesis", value |-> "genesis-value"],
    committed |-> 1,
    view |-> [era |-> 0, idx |-> 1],
    priorView |-> [era |-> 0, idx |-> 1],
    routeEra |-> 0,
    history |-> <<[era |-> 0, kind |-> "genesis", value |-> "genesis-value"]>>,
    retained |-> [era |-> 0, idx |-> 1],
    accepted |-> 1 ],
  [ type |-> "recovery",
    from |-> n1,
    to |-> n0,
    nonce |-> 1,
    slot |-> 0,
    entry |-> [era |-> 0, kind |-> "genesis", value |-> "genesis-value"],
    committed |-> 0,
    view |-> [era |-> 0, idx |-> 0],
    priorView |-> [era |-> 0, idx |-> 0],
    routeEra |-> 0,
    history |-> <<>>,
    retained |-> [era |-> 0, idx |-> 0],
    accepted |-> 0 ],
  [ type |-> "recovery",
    from |-> n1,
    to |-> n2,
    nonce |-> 1,
    slot |-> 0,
    entry |-> [era |-> 0, kind |-> "genesis", value |-> "genesis-value"],
    committed |-> 0,
    view |-> [era |-> 0, idx |-> 0],
    priorView |-> [era |-> 0, idx |-> 0],
    routeEra |-> 0,
    history |-> <<>>,
    retained |-> [era |-> 0, idx |-> 0],
    accepted |-> 0 ],
  [ type |-> "recovery",
    from |-> n2,
    to |-> n0,
    nonce |-> 1,
    slot |-> 0,
    entry |-> [era |-> 0, kind |-> "genesis", value |-> "genesis-value"],
    committed |-> 0,
    view |-> [era |-> 0, idx |-> 0],
    priorView |-> [era |-> 0, idx |-> 0],
    routeEra |-> 0,
    history |-> <<>>,
    retained |-> [era |-> 0, idx |-> 0],
    accepted |-> 0 ],
  [ type |-> "recovery",
    from |-> n2,
    to |-> n0,
    nonce |-> 2,
    slot |-> 0,
    entry |-> [era |-> 0, kind |-> "genesis", value |-> "genesis-value"],
    committed |-> 0,
    view |-> [era |-> 0, idx |-> 0],
    priorView |-> [era |-> 0, idx |-> 0],
    routeEra |-> 0,
    history |-> <<>>,
    retained |-> [era |-> 0, idx |-> 0],
    accepted |-> 0 ],
  [ type |-> "recovery",
    from |-> n2,
    to |-> n1,
    nonce |-> 1,
    slot |-> 0,
    entry |-> [era |-> 0, kind |-> "genesis", value |-> "genesis-value"],
    committed |-> 0,
    view |-> [era |-> 0, idx |-> 0],
    priorView |-> [era |-> 0, idx |-> 0],
    routeEra |-> 0,
    history |-> <<>>,
    retained |-> [era |-> 0, idx |-> 0],
    accepted |-> 0 ],
  [ type |-> "recovery",
    from |-> n2,
    to |-> n1,
    nonce |-> 2,
    slot |-> 0,
    entry |-> [era |-> 0, kind |-> "genesis", value |-> "genesis-value"],
    committed |-> 0,
    view |-> [era |-> 0, idx |-> 0],
    priorView |-> [era |-> 0, idx |-> 0],
    routeEra |-> 0,
    history |-> <<>>,
    retained |-> [era |-> 0, idx |-> 0],
    accepted |-> 0 ],
  [ type |-> "recovery-response",
    from |-> n0,
    to |-> n1,
    nonce |-> 1,
    slot |-> 0,
    entry |-> [era |-> 0, kind |-> "genesis", value |-> "genesis-value"],
    committed |-> 1,
    view |-> [era |-> 0, idx |-> 0],
    priorView |-> [era |-> 0, idx |-> 0],
    routeEra |-> 0,
    history |-> <<[era |-> 0, kind |-> "genesis", value |-> "genesis-value"]>>,
    retained |-> [era |-> 0, idx |-> 0],
    accepted |-> 1 ],
  [ type |-> "recovery-response",
    from |-> n0,
    to |-> n2,
    nonce |-> 1,
    slot |-> 0,
    entry |-> [era |-> 0, kind |-> "genesis", value |-> "genesis-value"],
    committed |-> 1,
    view |-> [era |-> 0, idx |-> 0],
    priorView |-> [era |-> 0, idx |-> 0],
    routeEra |-> 0,
    history |-> <<[era |-> 0, kind |-> "genesis", value |-> "genesis-value"]>>,
    retained |-> [era |-> 0, idx |-> 0],
    accepted |-> 1 ],
  [ type |-> "recovery-response",
    from |-> n0,
    to |-> n2,
    nonce |-> 2,
    slot |-> 0,
    entry |-> [era |-> 0, kind |-> "genesis", value |-> "genesis-value"],
    committed |-> 2,
    view |-> [era |-> 0, idx |-> 0],
    priorView |-> [era |-> 0, idx |-> 0],
    routeEra |-> 0,
    history |->
        << [era |-> 0, kind |-> "genesis", value |-> "genesis-value"],
           [era |-> 0, kind |-> "command", value |-> "x"] >>,
    retained |-> [era |-> 0, idx |-> 0],
    accepted |-> 2 ],
  [ type |-> "recovery-response",
    from |-> n1,
    to |-> n2,
    nonce |-> 1,
    slot |-> 0,
    entry |-> [era |-> 0, kind |-> "genesis", value |-> "genesis-value"],
    committed |-> 1,
    view |-> [era |-> 0, idx |-> 0],
    priorView |-> [era |-> 0, idx |-> 0],
    routeEra |-> 0,
    history |-> <<>>,
    retained |-> [era |-> 0, idx |-> 0],
    accepted |-> 1 ],
  [ type |-> "recovery-response",
    from |-> n1,
    to |-> n2,
    nonce |-> 2,
    slot |-> 0,
    entry |-> [era |-> 0, kind |-> "genesis", value |-> "genesis-value"],
    committed |-> 1,
    view |-> [era |-> 0, idx |-> 1],
    priorView |-> [era |-> 0, idx |-> 1],
    routeEra |-> 0,
    history |-> <<[era |-> 0, kind |-> "genesis", value |-> "genesis-value"]>>,
    retained |-> [era |-> 0, idx |-> 1],
    accepted |-> 1 ],
  [ type |-> "recovery-response",
    from |-> n2,
    to |-> n1,
    nonce |-> 1,
    slot |-> 0,
    entry |-> [era |-> 0, kind |-> "genesis", value |-> "genesis-value"],
    committed |-> 1,
    view |-> [era |-> 0, idx |-> 0],
    priorView |-> [era |-> 0, idx |-> 0],
    routeEra |-> 0,
    history |-> <<>>,
    retained |-> [era |-> 0, idx |-> 0],
    accepted |-> 1 ] }

State 33: <TraceNext line 74, col 14 to line 78, col 75 of module DelayedFence>
/\ retainedView = ( n0 :> [era |-> 0, idx |-> 0] @@
  n1 :> [era |-> 0, idx |-> 1] @@
  n2 :> [era |-> 0, idx |-> 1] )
/\ overlapStreamed = FALSE
/\ everEnteredViewChange = TRUE
/\ recoveryNonces = (n0 :> {} @@ n1 :> {} @@ n2 :> {})
/\ logs = ( n0 :>
      << [era |-> 0, kind |-> "genesis", value |-> "genesis-value"],
         [era |-> 0, kind |-> "command", value |-> "x"] >> @@
  n1 :>
      << [era |-> 0, kind |-> "genesis", value |-> "genesis-value"],
         [era |-> 0, kind |-> "command", value |-> "y"] >> @@
  n2 :> <<[era |-> 0, kind |-> "genesis", value |-> "genesis-value"]>> )
/\ historicalCommitted = { [ slot |-> 1,
    entry |-> [era |-> 0, kind |-> "genesis", value |-> "genesis-value"] ],
  [slot |-> 2, entry |-> [era |-> 0, kind |-> "command", value |-> "x"]] }
/\ recoveryEvidence = {}
/\ castOccurred = FALSE
/\ epochs = (n0 :> 0 @@ n1 :> 1 @@ n2 :> 2)
/\ pc = 32
/\ currentView = ( n0 :> [era |-> 0, idx |-> 0] @@
  n1 :> [era |-> 0, idx |-> 1] @@
  n2 :> [era |-> 0, idx |-> 1] )
/\ committed = (n0 :> 2 @@ n1 :> 1 @@ n2 :> 1)
/\ status = (n0 :> "normal" @@ n1 :> "normal" @@ n2 :> "normal")
/\ messages = { [ type |-> "prepare",
    from |-> n0,
    to |-> n1,
    nonce |-> 0,
    slot |-> 2,
    entry |-> [era |-> 0, kind |-> "command", value |-> "x"],
    committed |-> 1,
    view |-> [era |-> 0, idx |-> 0],
    priorView |-> [era |-> 0, idx |-> 0],
    routeEra |-> 0,
    history |-> <<>>,
    retained |-> [era |-> 0, idx |-> 0],
    accepted |-> 0 ],
  [ type |-> "prepare",
    from |-> n0,
    to |-> n2,
    nonce |-> 0,
    slot |-> 2,
    entry |-> [era |-> 0, kind |-> "command", value |-> "x"],
    committed |-> 1,
    view |-> [era |-> 0, idx |-> 0],
    priorView |-> [era |-> 0, idx |-> 0],
    routeEra |-> 0,
    history |-> <<>>,
    retained |-> [era |-> 0, idx |-> 0],
    accepted |-> 0 ],
  [ type |-> "prepare",
    from |-> n1,
    to |-> n0,
    nonce |-> 0,
    slot |-> 2,
    entry |-> [era |-> 0, kind |-> "command", value |-> "y"],
    committed |-> 1,
    view |-> [era |-> 0, idx |-> 1],
    priorView |-> [era |-> 0, idx |-> 1],
    routeEra |-> 0,
    history |-> <<>>,
    retained |-> [era |-> 0, idx |-> 1],
    accepted |-> 0 ],
  [ type |-> "prepare",
    from |-> n1,
    to |-> n2,
    nonce |-> 0,
    slot |-> 2,
    entry |-> [era |-> 0, kind |-> "command", value |-> "y"],
    committed |-> 1,
    view |-> [era |-> 0, idx |-> 1],
    priorView |-> [era |-> 0, idx |-> 1],
    routeEra |-> 0,
    history |-> <<>>,
    retained |-> [era |-> 0, idx |-> 1],
    accepted |-> 0 ],
  [ type |-> "prepare-ok",
    from |-> n2,
    to |-> n0,
    nonce |-> 0,
    slot |-> 2,
    entry |-> [era |-> 0, kind |-> "genesis", value |-> "genesis-value"],
    committed |-> 0,
    view |-> [era |-> 0, idx |-> 0],
    priorView |-> [era |-> 0, idx |-> 0],
    routeEra |-> 0,
    history |-> <<>>,
    retained |-> [era |-> 0, idx |-> 0],
    accepted |-> 0 ],
  [ type |-> "commit",
    from |-> n0,
    to |-> n1,
    nonce |-> 0,
    slot |-> 2,
    entry |-> [era |-> 0, kind |-> "genesis", value |-> "genesis-value"],
    committed |-> 2,
    view |-> [era |-> 0, idx |-> 0],
    priorView |-> [era |-> 0, idx |-> 0],
    routeEra |-> 0,
    history |-> <<>>,
    retained |-> [era |-> 0, idx |-> 0],
    accepted |-> 0 ],
  [ type |-> "commit",
    from |-> n0,
    to |-> n2,
    nonce |-> 0,
    slot |-> 2,
    entry |-> [era |-> 0, kind |-> "genesis", value |-> "genesis-value"],
    committed |-> 2,
    view |-> [era |-> 0, idx |-> 0],
    priorView |-> [era |-> 0, idx |-> 0],
    routeEra |-> 0,
    history |-> <<>>,
    retained |-> [era |-> 0, idx |-> 0],
    accepted |-> 0 ],
  [ type |-> "start-view-change",
    from |-> n1,
    to |-> n0,
    nonce |-> 0,
    slot |-> 0,
    entry |-> [era |-> 0, kind |-> "genesis", value |-> "genesis-value"],
    committed |-> 0,
    view |-> [era |-> 0, idx |-> 1],
    priorView |-> [era |-> 0, idx |-> 1],
    routeEra |-> 0,
    history |-> <<>>,
    retained |-> [era |-> 0, idx |-> 1],
    accepted |-> 0 ],
  [ type |-> "start-view-change",
    from |-> n1,
    to |-> n1,
    nonce |-> 0,
    slot |-> 0,
    entry |-> [era |-> 0, kind |-> "genesis", value |-> "genesis-value"],
    committed |-> 0,
    view |-> [era |-> 0, idx |-> 1],
    priorView |-> [era |-> 0, idx |-> 1],
    routeEra |-> 0,
    history |-> <<>>,
    retained |-> [era |-> 0, idx |-> 1],
    accepted |-> 0 ],
  [ type |-> "start-view-change",
    from |-> n1,
    to |-> n2,
    nonce |-> 0,
    slot |-> 0,
    entry |-> [era |-> 0, kind |-> "genesis", value |-> "genesis-value"],
    committed |-> 0,
    view |-> [era |-> 0, idx |-> 1],
    priorView |-> [era |-> 0, idx |-> 1],
    routeEra |-> 0,
    history |-> <<>>,
    retained |-> [era |-> 0, idx |-> 1],
    accepted |-> 0 ],
  [ type |-> "start-view-change",
    from |-> n2,
    to |-> n0,
    nonce |-> 0,
    slot |-> 0,
    entry |-> [era |-> 0, kind |-> "genesis", value |-> "genesis-value"],
    committed |-> 0,
    view |-> [era |-> 0, idx |-> 1],
    priorView |-> [era |-> 0, idx |-> 1],
    routeEra |-> 0,
    history |-> <<>>,
    retained |-> [era |-> 0, idx |-> 1],
    accepted |-> 0 ],
  [ type |-> "start-view-change",
    from |-> n2,
    to |-> n1,
    nonce |-> 0,
    slot |-> 0,
    entry |-> [era |-> 0, kind |-> "genesis", value |-> "genesis-value"],
    committed |-> 0,
    view |-> [era |-> 0, idx |-> 1],
    priorView |-> [era |-> 0, idx |-> 1],
    routeEra |-> 0,
    history |-> <<>>,
    retained |-> [era |-> 0, idx |-> 1],
    accepted |-> 0 ],
  [ type |-> "start-view-change",
    from |-> n2,
    to |-> n2,
    nonce |-> 0,
    slot |-> 0,
    entry |-> [era |-> 0, kind |-> "genesis", value |-> "genesis-value"],
    committed |-> 0,
    view |-> [era |-> 0, idx |-> 1],
    priorView |-> [era |-> 0, idx |-> 1],
    routeEra |-> 0,
    history |-> <<>>,
    retained |-> [era |-> 0, idx |-> 1],
    accepted |-> 0 ],
  [ type |-> "do-view-change",
    from |-> n1,
    to |-> n1,
    nonce |-> 0,
    slot |-> 1,
    entry |-> [era |-> 0, kind |-> "genesis", value |-> "genesis-value"],
    committed |-> 1,
    view |-> [era |-> 0, idx |-> 1],
    priorView |-> [era |-> 0, idx |-> 1],
    routeEra |-> 0,
    history |-> <<[era |-> 0, kind |-> "genesis", value |-> "genesis-value"]>>,
    retained |-> [era |-> 0, idx |-> 0],
    accepted |-> 1 ],
  [ type |-> "do-view-change",
    from |-> n2,
    to |-> n1,
    nonce |-> 0,
    slot |-> 1,
    entry |-> [era |-> 0, kind |-> "genesis", value |-> "genesis-value"],
    committed |-> 1,
    view |-> [era |-> 0, idx |-> 1],
    priorView |-> [era |-> 0, idx |-> 1],
    routeEra |-> 0,
    history |-> <<[era |-> 0, kind |-> "genesis", value |-> "genesis-value"]>>,
    retained |-> [era |-> 0, idx |-> 0],
    accepted |-> 1 ],
  [ type |-> "start-view",
    from |-> n1,
    to |-> n0,
    nonce |-> 0,
    slot |-> 1,
    entry |-> [era |-> 0, kind |-> "genesis", value |-> "genesis-value"],
    committed |-> 1,
    view |-> [era |-> 0, idx |-> 1],
    priorView |-> [era |-> 0, idx |-> 1],
    routeEra |-> 0,
    history |-> <<[era |-> 0, kind |-> "genesis", value |-> "genesis-value"]>>,
    retained |-> [era |-> 0, idx |-> 1],
    accepted |-> 1 ],
  [ type |-> "start-view",
    from |-> n1,
    to |-> n2,
    nonce |-> 0,
    slot |-> 1,
    entry |-> [era |-> 0, kind |-> "genesis", value |-> "genesis-value"],
    committed |-> 1,
    view |-> [era |-> 0, idx |-> 1],
    priorView |-> [era |-> 0, idx |-> 1],
    routeEra |-> 0,
    history |-> <<[era |-> 0, kind |-> "genesis", value |-> "genesis-value"]>>,
    retained |-> [era |-> 0, idx |-> 1],
    accepted |-> 1 ],
  [ type |-> "recovery",
    from |-> n1,
    to |-> n0,
    nonce |-> 1,
    slot |-> 0,
    entry |-> [era |-> 0, kind |-> "genesis", value |-> "genesis-value"],
    committed |-> 0,
    view |-> [era |-> 0, idx |-> 0],
    priorView |-> [era |-> 0, idx |-> 0],
    routeEra |-> 0,
    history |-> <<>>,
    retained |-> [era |-> 0, idx |-> 0],
    accepted |-> 0 ],
  [ type |-> "recovery",
    from |-> n1,
    to |-> n2,
    nonce |-> 1,
    slot |-> 0,
    entry |-> [era |-> 0, kind |-> "genesis", value |-> "genesis-value"],
    committed |-> 0,
    view |-> [era |-> 0, idx |-> 0],
    priorView |-> [era |-> 0, idx |-> 0],
    routeEra |-> 0,
    history |-> <<>>,
    retained |-> [era |-> 0, idx |-> 0],
    accepted |-> 0 ],
  [ type |-> "recovery",
    from |-> n2,
    to |-> n0,
    nonce |-> 1,
    slot |-> 0,
    entry |-> [era |-> 0, kind |-> "genesis", value |-> "genesis-value"],
    committed |-> 0,
    view |-> [era |-> 0, idx |-> 0],
    priorView |-> [era |-> 0, idx |-> 0],
    routeEra |-> 0,
    history |-> <<>>,
    retained |-> [era |-> 0, idx |-> 0],
    accepted |-> 0 ],
  [ type |-> "recovery",
    from |-> n2,
    to |-> n0,
    nonce |-> 2,
    slot |-> 0,
    entry |-> [era |-> 0, kind |-> "genesis", value |-> "genesis-value"],
    committed |-> 0,
    view |-> [era |-> 0, idx |-> 0],
    priorView |-> [era |-> 0, idx |-> 0],
    routeEra |-> 0,
    history |-> <<>>,
    retained |-> [era |-> 0, idx |-> 0],
    accepted |-> 0 ],
  [ type |-> "recovery",
    from |-> n2,
    to |-> n1,
    nonce |-> 1,
    slot |-> 0,
    entry |-> [era |-> 0, kind |-> "genesis", value |-> "genesis-value"],
    committed |-> 0,
    view |-> [era |-> 0, idx |-> 0],
    priorView |-> [era |-> 0, idx |-> 0],
    routeEra |-> 0,
    history |-> <<>>,
    retained |-> [era |-> 0, idx |-> 0],
    accepted |-> 0 ],
  [ type |-> "recovery",
    from |-> n2,
    to |-> n1,
    nonce |-> 2,
    slot |-> 0,
    entry |-> [era |-> 0, kind |-> "genesis", value |-> "genesis-value"],
    committed |-> 0,
    view |-> [era |-> 0, idx |-> 0],
    priorView |-> [era |-> 0, idx |-> 0],
    routeEra |-> 0,
    history |-> <<>>,
    retained |-> [era |-> 0, idx |-> 0],
    accepted |-> 0 ],
  [ type |-> "recovery-response",
    from |-> n0,
    to |-> n1,
    nonce |-> 1,
    slot |-> 0,
    entry |-> [era |-> 0, kind |-> "genesis", value |-> "genesis-value"],
    committed |-> 1,
    view |-> [era |-> 0, idx |-> 0],
    priorView |-> [era |-> 0, idx |-> 0],
    routeEra |-> 0,
    history |-> <<[era |-> 0, kind |-> "genesis", value |-> "genesis-value"]>>,
    retained |-> [era |-> 0, idx |-> 0],
    accepted |-> 1 ],
  [ type |-> "recovery-response",
    from |-> n0,
    to |-> n2,
    nonce |-> 1,
    slot |-> 0,
    entry |-> [era |-> 0, kind |-> "genesis", value |-> "genesis-value"],
    committed |-> 1,
    view |-> [era |-> 0, idx |-> 0],
    priorView |-> [era |-> 0, idx |-> 0],
    routeEra |-> 0,
    history |-> <<[era |-> 0, kind |-> "genesis", value |-> "genesis-value"]>>,
    retained |-> [era |-> 0, idx |-> 0],
    accepted |-> 1 ],
  [ type |-> "recovery-response",
    from |-> n0,
    to |-> n2,
    nonce |-> 2,
    slot |-> 0,
    entry |-> [era |-> 0, kind |-> "genesis", value |-> "genesis-value"],
    committed |-> 2,
    view |-> [era |-> 0, idx |-> 0],
    priorView |-> [era |-> 0, idx |-> 0],
    routeEra |-> 0,
    history |->
        << [era |-> 0, kind |-> "genesis", value |-> "genesis-value"],
           [era |-> 0, kind |-> "command", value |-> "x"] >>,
    retained |-> [era |-> 0, idx |-> 0],
    accepted |-> 2 ],
  [ type |-> "recovery-response",
    from |-> n1,
    to |-> n2,
    nonce |-> 1,
    slot |-> 0,
    entry |-> [era |-> 0, kind |-> "genesis", value |-> "genesis-value"],
    committed |-> 1,
    view |-> [era |-> 0, idx |-> 0],
    priorView |-> [era |-> 0, idx |-> 0],
    routeEra |-> 0,
    history |-> <<>>,
    retained |-> [era |-> 0, idx |-> 0],
    accepted |-> 1 ],
  [ type |-> "recovery-response",
    from |-> n1,
    to |-> n2,
    nonce |-> 2,
    slot |-> 0,
    entry |-> [era |-> 0, kind |-> "genesis", value |-> "genesis-value"],
    committed |-> 1,
    view |-> [era |-> 0, idx |-> 1],
    priorView |-> [era |-> 0, idx |-> 1],
    routeEra |-> 0,
    history |-> <<[era |-> 0, kind |-> "genesis", value |-> "genesis-value"]>>,
    retained |-> [era |-> 0, idx |-> 1],
    accepted |-> 1 ],
  [ type |-> "recovery-response",
    from |-> n2,
    to |-> n1,
    nonce |-> 1,
    slot |-> 0,
    entry |-> [era |-> 0, kind |-> "genesis", value |-> "genesis-value"],
    committed |-> 1,
    view |-> [era |-> 0, idx |-> 0],
    priorView |-> [era |-> 0, idx |-> 0],
    routeEra |-> 0,
    history |-> <<>>,
    retained |-> [era |-> 0, idx |-> 0],
    accepted |-> 1 ] }

State 34: <TraceNext line 74, col 14 to line 78, col 75 of module DelayedFence>
/\ retainedView = ( n0 :> [era |-> 0, idx |-> 0] @@
  n1 :> [era |-> 0, idx |-> 1] @@
  n2 :> [era |-> 0, idx |-> 1] )
/\ overlapStreamed = FALSE
/\ everEnteredViewChange = TRUE
/\ recoveryNonces = (n0 :> {} @@ n1 :> {} @@ n2 :> {})
/\ logs = ( n0 :>
      << [era |-> 0, kind |-> "genesis", value |-> "genesis-value"],
         [era |-> 0, kind |-> "command", value |-> "x"] >> @@
  n1 :>
      << [era |-> 0, kind |-> "genesis", value |-> "genesis-value"],
         [era |-> 0, kind |-> "command", value |-> "y"] >> @@
  n2 :>
      << [era |-> 0, kind |-> "genesis", value |-> "genesis-value"],
         [era |-> 0, kind |-> "command", value |-> "y"] >> )
/\ historicalCommitted = { [ slot |-> 1,
    entry |-> [era |-> 0, kind |-> "genesis", value |-> "genesis-value"] ],
  [slot |-> 2, entry |-> [era |-> 0, kind |-> "command", value |-> "x"]] }
/\ recoveryEvidence = {}
/\ castOccurred = FALSE
/\ epochs = (n0 :> 0 @@ n1 :> 1 @@ n2 :> 2)
/\ pc = 33
/\ currentView = ( n0 :> [era |-> 0, idx |-> 0] @@
  n1 :> [era |-> 0, idx |-> 1] @@
  n2 :> [era |-> 0, idx |-> 1] )
/\ committed = (n0 :> 2 @@ n1 :> 1 @@ n2 :> 1)
/\ status = (n0 :> "normal" @@ n1 :> "normal" @@ n2 :> "normal")
/\ messages = { [ type |-> "prepare",
    from |-> n0,
    to |-> n1,
    nonce |-> 0,
    slot |-> 2,
    entry |-> [era |-> 0, kind |-> "command", value |-> "x"],
    committed |-> 1,
    view |-> [era |-> 0, idx |-> 0],
    priorView |-> [era |-> 0, idx |-> 0],
    routeEra |-> 0,
    history |-> <<>>,
    retained |-> [era |-> 0, idx |-> 0],
    accepted |-> 0 ],
  [ type |-> "prepare",
    from |-> n0,
    to |-> n2,
    nonce |-> 0,
    slot |-> 2,
    entry |-> [era |-> 0, kind |-> "command", value |-> "x"],
    committed |-> 1,
    view |-> [era |-> 0, idx |-> 0],
    priorView |-> [era |-> 0, idx |-> 0],
    routeEra |-> 0,
    history |-> <<>>,
    retained |-> [era |-> 0, idx |-> 0],
    accepted |-> 0 ],
  [ type |-> "prepare",
    from |-> n1,
    to |-> n0,
    nonce |-> 0,
    slot |-> 2,
    entry |-> [era |-> 0, kind |-> "command", value |-> "y"],
    committed |-> 1,
    view |-> [era |-> 0, idx |-> 1],
    priorView |-> [era |-> 0, idx |-> 1],
    routeEra |-> 0,
    history |-> <<>>,
    retained |-> [era |-> 0, idx |-> 1],
    accepted |-> 0 ],
  [ type |-> "prepare",
    from |-> n1,
    to |-> n2,
    nonce |-> 0,
    slot |-> 2,
    entry |-> [era |-> 0, kind |-> "command", value |-> "y"],
    committed |-> 1,
    view |-> [era |-> 0, idx |-> 1],
    priorView |-> [era |-> 0, idx |-> 1],
    routeEra |-> 0,
    history |-> <<>>,
    retained |-> [era |-> 0, idx |-> 1],
    accepted |-> 0 ],
  [ type |-> "prepare-ok",
    from |-> n2,
    to |-> n0,
    nonce |-> 0,
    slot |-> 2,
    entry |-> [era |-> 0, kind |-> "genesis", value |-> "genesis-value"],
    committed |-> 0,
    view |-> [era |-> 0, idx |-> 0],
    priorView |-> [era |-> 0, idx |-> 0],
    routeEra |-> 0,
    history |-> <<>>,
    retained |-> [era |-> 0, idx |-> 0],
    accepted |-> 0 ],
  [ type |-> "prepare-ok",
    from |-> n2,
    to |-> n1,
    nonce |-> 0,
    slot |-> 2,
    entry |-> [era |-> 0, kind |-> "genesis", value |-> "genesis-value"],
    committed |-> 0,
    view |-> [era |-> 0, idx |-> 1],
    priorView |-> [era |-> 0, idx |-> 1],
    routeEra |-> 0,
    history |-> <<>>,
    retained |-> [era |-> 0, idx |-> 1],
    accepted |-> 0 ],
  [ type |-> "commit",
    from |-> n0,
    to |-> n1,
    nonce |-> 0,
    slot |-> 2,
    entry |-> [era |-> 0, kind |-> "genesis", value |-> "genesis-value"],
    committed |-> 2,
    view |-> [era |-> 0, idx |-> 0],
    priorView |-> [era |-> 0, idx |-> 0],
    routeEra |-> 0,
    history |-> <<>>,
    retained |-> [era |-> 0, idx |-> 0],
    accepted |-> 0 ],
  [ type |-> "commit",
    from |-> n0,
    to |-> n2,
    nonce |-> 0,
    slot |-> 2,
    entry |-> [era |-> 0, kind |-> "genesis", value |-> "genesis-value"],
    committed |-> 2,
    view |-> [era |-> 0, idx |-> 0],
    priorView |-> [era |-> 0, idx |-> 0],
    routeEra |-> 0,
    history |-> <<>>,
    retained |-> [era |-> 0, idx |-> 0],
    accepted |-> 0 ],
  [ type |-> "start-view-change",
    from |-> n1,
    to |-> n0,
    nonce |-> 0,
    slot |-> 0,
    entry |-> [era |-> 0, kind |-> "genesis", value |-> "genesis-value"],
    committed |-> 0,
    view |-> [era |-> 0, idx |-> 1],
    priorView |-> [era |-> 0, idx |-> 1],
    routeEra |-> 0,
    history |-> <<>>,
    retained |-> [era |-> 0, idx |-> 1],
    accepted |-> 0 ],
  [ type |-> "start-view-change",
    from |-> n1,
    to |-> n1,
    nonce |-> 0,
    slot |-> 0,
    entry |-> [era |-> 0, kind |-> "genesis", value |-> "genesis-value"],
    committed |-> 0,
    view |-> [era |-> 0, idx |-> 1],
    priorView |-> [era |-> 0, idx |-> 1],
    routeEra |-> 0,
    history |-> <<>>,
    retained |-> [era |-> 0, idx |-> 1],
    accepted |-> 0 ],
  [ type |-> "start-view-change",
    from |-> n1,
    to |-> n2,
    nonce |-> 0,
    slot |-> 0,
    entry |-> [era |-> 0, kind |-> "genesis", value |-> "genesis-value"],
    committed |-> 0,
    view |-> [era |-> 0, idx |-> 1],
    priorView |-> [era |-> 0, idx |-> 1],
    routeEra |-> 0,
    history |-> <<>>,
    retained |-> [era |-> 0, idx |-> 1],
    accepted |-> 0 ],
  [ type |-> "start-view-change",
    from |-> n2,
    to |-> n0,
    nonce |-> 0,
    slot |-> 0,
    entry |-> [era |-> 0, kind |-> "genesis", value |-> "genesis-value"],
    committed |-> 0,
    view |-> [era |-> 0, idx |-> 1],
    priorView |-> [era |-> 0, idx |-> 1],
    routeEra |-> 0,
    history |-> <<>>,
    retained |-> [era |-> 0, idx |-> 1],
    accepted |-> 0 ],
  [ type |-> "start-view-change",
    from |-> n2,
    to |-> n1,
    nonce |-> 0,
    slot |-> 0,
    entry |-> [era |-> 0, kind |-> "genesis", value |-> "genesis-value"],
    committed |-> 0,
    view |-> [era |-> 0, idx |-> 1],
    priorView |-> [era |-> 0, idx |-> 1],
    routeEra |-> 0,
    history |-> <<>>,
    retained |-> [era |-> 0, idx |-> 1],
    accepted |-> 0 ],
  [ type |-> "start-view-change",
    from |-> n2,
    to |-> n2,
    nonce |-> 0,
    slot |-> 0,
    entry |-> [era |-> 0, kind |-> "genesis", value |-> "genesis-value"],
    committed |-> 0,
    view |-> [era |-> 0, idx |-> 1],
    priorView |-> [era |-> 0, idx |-> 1],
    routeEra |-> 0,
    history |-> <<>>,
    retained |-> [era |-> 0, idx |-> 1],
    accepted |-> 0 ],
  [ type |-> "do-view-change",
    from |-> n1,
    to |-> n1,
    nonce |-> 0,
    slot |-> 1,
    entry |-> [era |-> 0, kind |-> "genesis", value |-> "genesis-value"],
    committed |-> 1,
    view |-> [era |-> 0, idx |-> 1],
    priorView |-> [era |-> 0, idx |-> 1],
    routeEra |-> 0,
    history |-> <<[era |-> 0, kind |-> "genesis", value |-> "genesis-value"]>>,
    retained |-> [era |-> 0, idx |-> 0],
    accepted |-> 1 ],
  [ type |-> "do-view-change",
    from |-> n2,
    to |-> n1,
    nonce |-> 0,
    slot |-> 1,
    entry |-> [era |-> 0, kind |-> "genesis", value |-> "genesis-value"],
    committed |-> 1,
    view |-> [era |-> 0, idx |-> 1],
    priorView |-> [era |-> 0, idx |-> 1],
    routeEra |-> 0,
    history |-> <<[era |-> 0, kind |-> "genesis", value |-> "genesis-value"]>>,
    retained |-> [era |-> 0, idx |-> 0],
    accepted |-> 1 ],
  [ type |-> "start-view",
    from |-> n1,
    to |-> n0,
    nonce |-> 0,
    slot |-> 1,
    entry |-> [era |-> 0, kind |-> "genesis", value |-> "genesis-value"],
    committed |-> 1,
    view |-> [era |-> 0, idx |-> 1],
    priorView |-> [era |-> 0, idx |-> 1],
    routeEra |-> 0,
    history |-> <<[era |-> 0, kind |-> "genesis", value |-> "genesis-value"]>>,
    retained |-> [era |-> 0, idx |-> 1],
    accepted |-> 1 ],
  [ type |-> "start-view",
    from |-> n1,
    to |-> n2,
    nonce |-> 0,
    slot |-> 1,
    entry |-> [era |-> 0, kind |-> "genesis", value |-> "genesis-value"],
    committed |-> 1,
    view |-> [era |-> 0, idx |-> 1],
    priorView |-> [era |-> 0, idx |-> 1],
    routeEra |-> 0,
    history |-> <<[era |-> 0, kind |-> "genesis", value |-> "genesis-value"]>>,
    retained |-> [era |-> 0, idx |-> 1],
    accepted |-> 1 ],
  [ type |-> "recovery",
    from |-> n1,
    to |-> n0,
    nonce |-> 1,
    slot |-> 0,
    entry |-> [era |-> 0, kind |-> "genesis", value |-> "genesis-value"],
    committed |-> 0,
    view |-> [era |-> 0, idx |-> 0],
    priorView |-> [era |-> 0, idx |-> 0],
    routeEra |-> 0,
    history |-> <<>>,
    retained |-> [era |-> 0, idx |-> 0],
    accepted |-> 0 ],
  [ type |-> "recovery",
    from |-> n1,
    to |-> n2,
    nonce |-> 1,
    slot |-> 0,
    entry |-> [era |-> 0, kind |-> "genesis", value |-> "genesis-value"],
    committed |-> 0,
    view |-> [era |-> 0, idx |-> 0],
    priorView |-> [era |-> 0, idx |-> 0],
    routeEra |-> 0,
    history |-> <<>>,
    retained |-> [era |-> 0, idx |-> 0],
    accepted |-> 0 ],
  [ type |-> "recovery",
    from |-> n2,
    to |-> n0,
    nonce |-> 1,
    slot |-> 0,
    entry |-> [era |-> 0, kind |-> "genesis", value |-> "genesis-value"],
    committed |-> 0,
    view |-> [era |-> 0, idx |-> 0],
    priorView |-> [era |-> 0, idx |-> 0],
    routeEra |-> 0,
    history |-> <<>>,
    retained |-> [era |-> 0, idx |-> 0],
    accepted |-> 0 ],
  [ type |-> "recovery",
    from |-> n2,
    to |-> n0,
    nonce |-> 2,
    slot |-> 0,
    entry |-> [era |-> 0, kind |-> "genesis", value |-> "genesis-value"],
    committed |-> 0,
    view |-> [era |-> 0, idx |-> 0],
    priorView |-> [era |-> 0, idx |-> 0],
    routeEra |-> 0,
    history |-> <<>>,
    retained |-> [era |-> 0, idx |-> 0],
    accepted |-> 0 ],
  [ type |-> "recovery",
    from |-> n2,
    to |-> n1,
    nonce |-> 1,
    slot |-> 0,
    entry |-> [era |-> 0, kind |-> "genesis", value |-> "genesis-value"],
    committed |-> 0,
    view |-> [era |-> 0, idx |-> 0],
    priorView |-> [era |-> 0, idx |-> 0],
    routeEra |-> 0,
    history |-> <<>>,
    retained |-> [era |-> 0, idx |-> 0],
    accepted |-> 0 ],
  [ type |-> "recovery",
    from |-> n2,
    to |-> n1,
    nonce |-> 2,
    slot |-> 0,
    entry |-> [era |-> 0, kind |-> "genesis", value |-> "genesis-value"],
    committed |-> 0,
    view |-> [era |-> 0, idx |-> 0],
    priorView |-> [era |-> 0, idx |-> 0],
    routeEra |-> 0,
    history |-> <<>>,
    retained |-> [era |-> 0, idx |-> 0],
    accepted |-> 0 ],
  [ type |-> "recovery-response",
    from |-> n0,
    to |-> n1,
    nonce |-> 1,
    slot |-> 0,
    entry |-> [era |-> 0, kind |-> "genesis", value |-> "genesis-value"],
    committed |-> 1,
    view |-> [era |-> 0, idx |-> 0],
    priorView |-> [era |-> 0, idx |-> 0],
    routeEra |-> 0,
    history |-> <<[era |-> 0, kind |-> "genesis", value |-> "genesis-value"]>>,
    retained |-> [era |-> 0, idx |-> 0],
    accepted |-> 1 ],
  [ type |-> "recovery-response",
    from |-> n0,
    to |-> n2,
    nonce |-> 1,
    slot |-> 0,
    entry |-> [era |-> 0, kind |-> "genesis", value |-> "genesis-value"],
    committed |-> 1,
    view |-> [era |-> 0, idx |-> 0],
    priorView |-> [era |-> 0, idx |-> 0],
    routeEra |-> 0,
    history |-> <<[era |-> 0, kind |-> "genesis", value |-> "genesis-value"]>>,
    retained |-> [era |-> 0, idx |-> 0],
    accepted |-> 1 ],
  [ type |-> "recovery-response",
    from |-> n0,
    to |-> n2,
    nonce |-> 2,
    slot |-> 0,
    entry |-> [era |-> 0, kind |-> "genesis", value |-> "genesis-value"],
    committed |-> 2,
    view |-> [era |-> 0, idx |-> 0],
    priorView |-> [era |-> 0, idx |-> 0],
    routeEra |-> 0,
    history |->
        << [era |-> 0, kind |-> "genesis", value |-> "genesis-value"],
           [era |-> 0, kind |-> "command", value |-> "x"] >>,
    retained |-> [era |-> 0, idx |-> 0],
    accepted |-> 2 ],
  [ type |-> "recovery-response",
    from |-> n1,
    to |-> n2,
    nonce |-> 1,
    slot |-> 0,
    entry |-> [era |-> 0, kind |-> "genesis", value |-> "genesis-value"],
    committed |-> 1,
    view |-> [era |-> 0, idx |-> 0],
    priorView |-> [era |-> 0, idx |-> 0],
    routeEra |-> 0,
    history |-> <<>>,
    retained |-> [era |-> 0, idx |-> 0],
    accepted |-> 1 ],
  [ type |-> "recovery-response",
    from |-> n1,
    to |-> n2,
    nonce |-> 2,
    slot |-> 0,
    entry |-> [era |-> 0, kind |-> "genesis", value |-> "genesis-value"],
    committed |-> 1,
    view |-> [era |-> 0, idx |-> 1],
    priorView |-> [era |-> 0, idx |-> 1],
    routeEra |-> 0,
    history |-> <<[era |-> 0, kind |-> "genesis", value |-> "genesis-value"]>>,
    retained |-> [era |-> 0, idx |-> 1],
    accepted |-> 1 ],
  [ type |-> "recovery-response",
    from |-> n2,
    to |-> n1,
    nonce |-> 1,
    slot |-> 0,
    entry |-> [era |-> 0, kind |-> "genesis", value |-> "genesis-value"],
    committed |-> 1,
    view |-> [era |-> 0, idx |-> 0],
    priorView |-> [era |-> 0, idx |-> 0],
    routeEra |-> 0,
    history |-> <<>>,
    retained |-> [era |-> 0, idx |-> 0],
    accepted |-> 1 ] }

State 35: <TraceNext line 74, col 14 to line 78, col 75 of module DelayedFence>
/\ retainedView = ( n0 :> [era |-> 0, idx |-> 0] @@
  n1 :> [era |-> 0, idx |-> 1] @@
  n2 :> [era |-> 0, idx |-> 1] )
/\ overlapStreamed = FALSE
/\ everEnteredViewChange = TRUE
/\ recoveryNonces = (n0 :> {} @@ n1 :> {} @@ n2 :> {})
/\ logs = ( n0 :>
      << [era |-> 0, kind |-> "genesis", value |-> "genesis-value"],
         [era |-> 0, kind |-> "command", value |-> "x"] >> @@
  n1 :>
      << [era |-> 0, kind |-> "genesis", value |-> "genesis-value"],
         [era |-> 0, kind |-> "command", value |-> "y"] >> @@
  n2 :>
      << [era |-> 0, kind |-> "genesis", value |-> "genesis-value"],
         [era |-> 0, kind |-> "command", value |-> "y"] >> )
/\ historicalCommitted = { [ slot |-> 1,
    entry |-> [era |-> 0, kind |-> "genesis", value |-> "genesis-value"] ],
  [slot |-> 2, entry |-> [era |-> 0, kind |-> "command", value |-> "x"]],
  [slot |-> 2, entry |-> [era |-> 0, kind |-> "command", value |-> "y"]] }
/\ recoveryEvidence = {}
/\ castOccurred = FALSE
/\ epochs = (n0 :> 0 @@ n1 :> 1 @@ n2 :> 2)
/\ pc = 34
/\ currentView = ( n0 :> [era |-> 0, idx |-> 0] @@
  n1 :> [era |-> 0, idx |-> 1] @@
  n2 :> [era |-> 0, idx |-> 1] )
/\ committed = (n0 :> 2 @@ n1 :> 2 @@ n2 :> 1)
/\ status = (n0 :> "normal" @@ n1 :> "normal" @@ n2 :> "normal")
/\ messages = { [ type |-> "prepare",
    from |-> n0,
    to |-> n1,
    nonce |-> 0,
    slot |-> 2,
    entry |-> [era |-> 0, kind |-> "command", value |-> "x"],
    committed |-> 1,
    view |-> [era |-> 0, idx |-> 0],
    priorView |-> [era |-> 0, idx |-> 0],
    routeEra |-> 0,
    history |-> <<>>,
    retained |-> [era |-> 0, idx |-> 0],
    accepted |-> 0 ],
  [ type |-> "prepare",
    from |-> n0,
    to |-> n2,
    nonce |-> 0,
    slot |-> 2,
    entry |-> [era |-> 0, kind |-> "command", value |-> "x"],
    committed |-> 1,
    view |-> [era |-> 0, idx |-> 0],
    priorView |-> [era |-> 0, idx |-> 0],
    routeEra |-> 0,
    history |-> <<>>,
    retained |-> [era |-> 0, idx |-> 0],
    accepted |-> 0 ],
  [ type |-> "prepare",
    from |-> n1,
    to |-> n0,
    nonce |-> 0,
    slot |-> 2,
    entry |-> [era |-> 0, kind |-> "command", value |-> "y"],
    committed |-> 1,
    view |-> [era |-> 0, idx |-> 1],
    priorView |-> [era |-> 0, idx |-> 1],
    routeEra |-> 0,
    history |-> <<>>,
    retained |-> [era |-> 0, idx |-> 1],
    accepted |-> 0 ],
  [ type |-> "prepare",
    from |-> n1,
    to |-> n2,
    nonce |-> 0,
    slot |-> 2,
    entry |-> [era |-> 0, kind |-> "command", value |-> "y"],
    committed |-> 1,
    view |-> [era |-> 0, idx |-> 1],
    priorView |-> [era |-> 0, idx |-> 1],
    routeEra |-> 0,
    history |-> <<>>,
    retained |-> [era |-> 0, idx |-> 1],
    accepted |-> 0 ],
  [ type |-> "prepare-ok",
    from |-> n2,
    to |-> n0,
    nonce |-> 0,
    slot |-> 2,
    entry |-> [era |-> 0, kind |-> "genesis", value |-> "genesis-value"],
    committed |-> 0,
    view |-> [era |-> 0, idx |-> 0],
    priorView |-> [era |-> 0, idx |-> 0],
    routeEra |-> 0,
    history |-> <<>>,
    retained |-> [era |-> 0, idx |-> 0],
    accepted |-> 0 ],
  [ type |-> "prepare-ok",
    from |-> n2,
    to |-> n1,
    nonce |-> 0,
    slot |-> 2,
    entry |-> [era |-> 0, kind |-> "genesis", value |-> "genesis-value"],
    committed |-> 0,
    view |-> [era |-> 0, idx |-> 1],
    priorView |-> [era |-> 0, idx |-> 1],
    routeEra |-> 0,
    history |-> <<>>,
    retained |-> [era |-> 0, idx |-> 1],
    accepted |-> 0 ],
  [ type |-> "commit",
    from |-> n0,
    to |-> n1,
    nonce |-> 0,
    slot |-> 2,
    entry |-> [era |-> 0, kind |-> "genesis", value |-> "genesis-value"],
    committed |-> 2,
    view |-> [era |-> 0, idx |-> 0],
    priorView |-> [era |-> 0, idx |-> 0],
    routeEra |-> 0,
    history |-> <<>>,
    retained |-> [era |-> 0, idx |-> 0],
    accepted |-> 0 ],
  [ type |-> "commit",
    from |-> n0,
    to |-> n2,
    nonce |-> 0,
    slot |-> 2,
    entry |-> [era |-> 0, kind |-> "genesis", value |-> "genesis-value"],
    committed |-> 2,
    view |-> [era |-> 0, idx |-> 0],
    priorView |-> [era |-> 0, idx |-> 0],
    routeEra |-> 0,
    history |-> <<>>,
    retained |-> [era |-> 0, idx |-> 0],
    accepted |-> 0 ],
  [ type |-> "commit",
    from |-> n1,
    to |-> n0,
    nonce |-> 0,
    slot |-> 2,
    entry |-> [era |-> 0, kind |-> "genesis", value |-> "genesis-value"],
    committed |-> 2,
    view |-> [era |-> 0, idx |-> 1],
    priorView |-> [era |-> 0, idx |-> 1],
    routeEra |-> 0,
    history |-> <<>>,
    retained |-> [era |-> 0, idx |-> 1],
    accepted |-> 0 ],
  [ type |-> "commit",
    from |-> n1,
    to |-> n2,
    nonce |-> 0,
    slot |-> 2,
    entry |-> [era |-> 0, kind |-> "genesis", value |-> "genesis-value"],
    committed |-> 2,
    view |-> [era |-> 0, idx |-> 1],
    priorView |-> [era |-> 0, idx |-> 1],
    routeEra |-> 0,
    history |-> <<>>,
    retained |-> [era |-> 0, idx |-> 1],
    accepted |-> 0 ],
  [ type |-> "start-view-change",
    from |-> n1,
    to |-> n0,
    nonce |-> 0,
    slot |-> 0,
    entry |-> [era |-> 0, kind |-> "genesis", value |-> "genesis-value"],
    committed |-> 0,
    view |-> [era |-> 0, idx |-> 1],
    priorView |-> [era |-> 0, idx |-> 1],
    routeEra |-> 0,
    history |-> <<>>,
    retained |-> [era |-> 0, idx |-> 1],
    accepted |-> 0 ],
  [ type |-> "start-view-change",
    from |-> n1,
    to |-> n1,
    nonce |-> 0,
    slot |-> 0,
    entry |-> [era |-> 0, kind |-> "genesis", value |-> "genesis-value"],
    committed |-> 0,
    view |-> [era |-> 0, idx |-> 1],
    priorView |-> [era |-> 0, idx |-> 1],
    routeEra |-> 0,
    history |-> <<>>,
    retained |-> [era |-> 0, idx |-> 1],
    accepted |-> 0 ],
  [ type |-> "start-view-change",
    from |-> n1,
    to |-> n2,
    nonce |-> 0,
    slot |-> 0,
    entry |-> [era |-> 0, kind |-> "genesis", value |-> "genesis-value"],
    committed |-> 0,
    view |-> [era |-> 0, idx |-> 1],
    priorView |-> [era |-> 0, idx |-> 1],
    routeEra |-> 0,
    history |-> <<>>,
    retained |-> [era |-> 0, idx |-> 1],
    accepted |-> 0 ],
  [ type |-> "start-view-change",
    from |-> n2,
    to |-> n0,
    nonce |-> 0,
    slot |-> 0,
    entry |-> [era |-> 0, kind |-> "genesis", value |-> "genesis-value"],
    committed |-> 0,
    view |-> [era |-> 0, idx |-> 1],
    priorView |-> [era |-> 0, idx |-> 1],
    routeEra |-> 0,
    history |-> <<>>,
    retained |-> [era |-> 0, idx |-> 1],
    accepted |-> 0 ],
  [ type |-> "start-view-change",
    from |-> n2,
    to |-> n1,
    nonce |-> 0,
    slot |-> 0,
    entry |-> [era |-> 0, kind |-> "genesis", value |-> "genesis-value"],
    committed |-> 0,
    view |-> [era |-> 0, idx |-> 1],
    priorView |-> [era |-> 0, idx |-> 1],
    routeEra |-> 0,
    history |-> <<>>,
    retained |-> [era |-> 0, idx |-> 1],
    accepted |-> 0 ],
  [ type |-> "start-view-change",
    from |-> n2,
    to |-> n2,
    nonce |-> 0,
    slot |-> 0,
    entry |-> [era |-> 0, kind |-> "genesis", value |-> "genesis-value"],
    committed |-> 0,
    view |-> [era |-> 0, idx |-> 1],
    priorView |-> [era |-> 0, idx |-> 1],
    routeEra |-> 0,
    history |-> <<>>,
    retained |-> [era |-> 0, idx |-> 1],
    accepted |-> 0 ],
  [ type |-> "do-view-change",
    from |-> n1,
    to |-> n1,
    nonce |-> 0,
    slot |-> 1,
    entry |-> [era |-> 0, kind |-> "genesis", value |-> "genesis-value"],
    committed |-> 1,
    view |-> [era |-> 0, idx |-> 1],
    priorView |-> [era |-> 0, idx |-> 1],
    routeEra |-> 0,
    history |-> <<[era |-> 0, kind |-> "genesis", value |-> "genesis-value"]>>,
    retained |-> [era |-> 0, idx |-> 0],
    accepted |-> 1 ],
  [ type |-> "do-view-change",
    from |-> n2,
    to |-> n1,
    nonce |-> 0,
    slot |-> 1,
    entry |-> [era |-> 0, kind |-> "genesis", value |-> "genesis-value"],
    committed |-> 1,
    view |-> [era |-> 0, idx |-> 1],
    priorView |-> [era |-> 0, idx |-> 1],
    routeEra |-> 0,
    history |-> <<[era |-> 0, kind |-> "genesis", value |-> "genesis-value"]>>,
    retained |-> [era |-> 0, idx |-> 0],
    accepted |-> 1 ],
  [ type |-> "start-view",
    from |-> n1,
    to |-> n0,
    nonce |-> 0,
    slot |-> 1,
    entry |-> [era |-> 0, kind |-> "genesis", value |-> "genesis-value"],
    committed |-> 1,
    view |-> [era |-> 0, idx |-> 1],
    priorView |-> [era |-> 0, idx |-> 1],
    routeEra |-> 0,
    history |-> <<[era |-> 0, kind |-> "genesis", value |-> "genesis-value"]>>,
    retained |-> [era |-> 0, idx |-> 1],
    accepted |-> 1 ],
  [ type |-> "start-view",
    from |-> n1,
    to |-> n2,
    nonce |-> 0,
    slot |-> 1,
    entry |-> [era |-> 0, kind |-> "genesis", value |-> "genesis-value"],
    committed |-> 1,
    view |-> [era |-> 0, idx |-> 1],
    priorView |-> [era |-> 0, idx |-> 1],
    routeEra |-> 0,
    history |-> <<[era |-> 0, kind |-> "genesis", value |-> "genesis-value"]>>,
    retained |-> [era |-> 0, idx |-> 1],
    accepted |-> 1 ],
  [ type |-> "recovery",
    from |-> n1,
    to |-> n0,
    nonce |-> 1,
    slot |-> 0,
    entry |-> [era |-> 0, kind |-> "genesis", value |-> "genesis-value"],
    committed |-> 0,
    view |-> [era |-> 0, idx |-> 0],
    priorView |-> [era |-> 0, idx |-> 0],
    routeEra |-> 0,
    history |-> <<>>,
    retained |-> [era |-> 0, idx |-> 0],
    accepted |-> 0 ],
  [ type |-> "recovery",
    from |-> n1,
    to |-> n2,
    nonce |-> 1,
    slot |-> 0,
    entry |-> [era |-> 0, kind |-> "genesis", value |-> "genesis-value"],
    committed |-> 0,
    view |-> [era |-> 0, idx |-> 0],
    priorView |-> [era |-> 0, idx |-> 0],
    routeEra |-> 0,
    history |-> <<>>,
    retained |-> [era |-> 0, idx |-> 0],
    accepted |-> 0 ],
  [ type |-> "recovery",
    from |-> n2,
    to |-> n0,
    nonce |-> 1,
    slot |-> 0,
    entry |-> [era |-> 0, kind |-> "genesis", value |-> "genesis-value"],
    committed |-> 0,
    view |-> [era |-> 0, idx |-> 0],
    priorView |-> [era |-> 0, idx |-> 0],
    routeEra |-> 0,
    history |-> <<>>,
    retained |-> [era |-> 0, idx |-> 0],
    accepted |-> 0 ],
  [ type |-> "recovery",
    from |-> n2,
    to |-> n0,
    nonce |-> 2,
    slot |-> 0,
    entry |-> [era |-> 0, kind |-> "genesis", value |-> "genesis-value"],
    committed |-> 0,
    view |-> [era |-> 0, idx |-> 0],
    priorView |-> [era |-> 0, idx |-> 0],
    routeEra |-> 0,
    history |-> <<>>,
    retained |-> [era |-> 0, idx |-> 0],
    accepted |-> 0 ],
  [ type |-> "recovery",
    from |-> n2,
    to |-> n1,
    nonce |-> 1,
    slot |-> 0,
    entry |-> [era |-> 0, kind |-> "genesis", value |-> "genesis-value"],
    committed |-> 0,
    view |-> [era |-> 0, idx |-> 0],
    priorView |-> [era |-> 0, idx |-> 0],
    routeEra |-> 0,
    history |-> <<>>,
    retained |-> [era |-> 0, idx |-> 0],
    accepted |-> 0 ],
  [ type |-> "recovery",
    from |-> n2,
    to |-> n1,
    nonce |-> 2,
    slot |-> 0,
    entry |-> [era |-> 0, kind |-> "genesis", value |-> "genesis-value"],
    committed |-> 0,
    view |-> [era |-> 0, idx |-> 0],
    priorView |-> [era |-> 0, idx |-> 0],
    routeEra |-> 0,
    history |-> <<>>,
    retained |-> [era |-> 0, idx |-> 0],
    accepted |-> 0 ],
  [ type |-> "recovery-response",
    from |-> n0,
    to |-> n1,
    nonce |-> 1,
    slot |-> 0,
    entry |-> [era |-> 0, kind |-> "genesis", value |-> "genesis-value"],
    committed |-> 1,
    view |-> [era |-> 0, idx |-> 0],
    priorView |-> [era |-> 0, idx |-> 0],
    routeEra |-> 0,
    history |-> <<[era |-> 0, kind |-> "genesis", value |-> "genesis-value"]>>,
    retained |-> [era |-> 0, idx |-> 0],
    accepted |-> 1 ],
  [ type |-> "recovery-response",
    from |-> n0,
    to |-> n2,
    nonce |-> 1,
    slot |-> 0,
    entry |-> [era |-> 0, kind |-> "genesis", value |-> "genesis-value"],
    committed |-> 1,
    view |-> [era |-> 0, idx |-> 0],
    priorView |-> [era |-> 0, idx |-> 0],
    routeEra |-> 0,
    history |-> <<[era |-> 0, kind |-> "genesis", value |-> "genesis-value"]>>,
    retained |-> [era |-> 0, idx |-> 0],
    accepted |-> 1 ],
  [ type |-> "recovery-response",
    from |-> n0,
    to |-> n2,
    nonce |-> 2,
    slot |-> 0,
    entry |-> [era |-> 0, kind |-> "genesis", value |-> "genesis-value"],
    committed |-> 2,
    view |-> [era |-> 0, idx |-> 0],
    priorView |-> [era |-> 0, idx |-> 0],
    routeEra |-> 0,
    history |->
        << [era |-> 0, kind |-> "genesis", value |-> "genesis-value"],
           [era |-> 0, kind |-> "command", value |-> "x"] >>,
    retained |-> [era |-> 0, idx |-> 0],
    accepted |-> 2 ],
  [ type |-> "recovery-response",
    from |-> n1,
    to |-> n2,
    nonce |-> 1,
    slot |-> 0,
    entry |-> [era |-> 0, kind |-> "genesis", value |-> "genesis-value"],
    committed |-> 1,
    view |-> [era |-> 0, idx |-> 0],
    priorView |-> [era |-> 0, idx |-> 0],
    routeEra |-> 0,
    history |-> <<>>,
    retained |-> [era |-> 0, idx |-> 0],
    accepted |-> 1 ],
  [ type |-> "recovery-response",
    from |-> n1,
    to |-> n2,
    nonce |-> 2,
    slot |-> 0,
    entry |-> [era |-> 0, kind |-> "genesis", value |-> "genesis-value"],
    committed |-> 1,
    view |-> [era |-> 0, idx |-> 1],
    priorView |-> [era |-> 0, idx |-> 1],
    routeEra |-> 0,
    history |-> <<[era |-> 0, kind |-> "genesis", value |-> "genesis-value"]>>,
    retained |-> [era |-> 0, idx |-> 1],
    accepted |-> 1 ],
  [ type |-> "recovery-response",
    from |-> n2,
    to |-> n1,
    nonce |-> 1,
    slot |-> 0,
    entry |-> [era |-> 0, kind |-> "genesis", value |-> "genesis-value"],
    committed |-> 1,
    view |-> [era |-> 0, idx |-> 0],
    priorView |-> [era |-> 0, idx |-> 0],
    routeEra |-> 0,
    history |-> <<>>,
    retained |-> [era |-> 0, idx |-> 0],
    accepted |-> 1 ] }

35 states generated, 35 distinct states found, 0 states left on queue.
The depth of the complete state graph search is 35.
The average outdegree of the complete state graph is 1 (minimum is 1, the maximum 1 and the 95th percentile is 1).
Finished in 00s at (2026-09-06 09:37:14)
